title,price,description,images,sku,stock
2UUL DA970 Cuul Fan VAC Pro Turbo Fan for Repair,108.00,"Description Features: Rapid Cooling: Quickly lowers temperatures during device repair. Vacuum Cleaning: Powerful suction to remove dust and debris Drying: Efficiently dries surfaces after cleaning or liquid exposure Adjustable Settings: Cycle through P0 to P2 speed modes with a single click LED Light: Double-click the power button to activate after turning on High Performance Design Wind Speed: Optimized for repair tasks, Max 130,000 RPM Portable & Ergonomic, Rotatable nozzle for flexible use",https://www.cmedistribution.com.my/wp-content/uploads/2026/01/SVC-5711-1.webp|https://www.cmedistribution.com.my/wp-content/uploads/2026/01/SVC-5711-2.webp|https://www.cmedistribution.com.my/wp-content/uploads/2026/01/SVC-5711-3.webp|https://www.cmedistribution.com.my/wp-content/uploads/2026/01/SVC-5711-4.webp|https://www.cmedistribution.com.my/wp-content/uploads/2026/01/SVC-5711-5.webp|https://www.cmedistribution.com.my/wp-content/uploads/2026/01/SVC-5711-6.webp|https://www.cmedistribution.com.my/wp-content/uploads/2026/01/SVC-5711-7.webp,SKU-CRHQ8V,81
Anti-Static ESD Rubber Floor Mat (600*450*9MM),84.00,Description Anti-Static ESD Rubber Floor Mat (600*450*9MM),https://www.cmedistribution.com.my/wp-content/uploads/2026/01/SVC-5712.jpeg,SKU-OOOPV6,96
HAOYI HY Solder Paste Stencil Anti-Explosion Solder Pad S/M/L (3PCS),7.20,Description HAOYI HY Solder Paste Stencil Anti-Explosion Solder Pad S/M/L (3PCS),https://www.cmedistribution.com.my/wp-content/uploads/2026/01/SVC-5710.jpeg,SKU-JGGQMU,52
Honor 400-5G Front Glass + OCA,6.00,Description Product Specifications and Features: -Honor 400-5G Front Glass + OCA,https://www.cmedistribution.com.my/wp-content/uploads/2026/01/HONOR-400-TS-LENS-100x100.jpeg|https://www.cmedistribution.com.my/wp-content/uploads/2026/01/HONOR-400-TS-LENS-1024x1024.jpeg|https://www.cmedistribution.com.my/wp-content/uploads/2026/01/HONOR-400-TS-LENS-150x150.jpeg|https://www.cmedistribution.com.my/wp-content/uploads/2026/01/HONOR-400-TS-LENS-300x300.jpeg|https://www.cmedistribution.com.my/wp-content/uploads/2026/01/HONOR-400-TS-LENS-350x350.jpeg|https://www.cmedistribution.com.my/wp-content/uploads/2026/01/HONOR-400-TS-LENS-600x600.jpeg|https://www.cmedistribution.com.my/wp-content/uploads/2026/01/HONOR-400-TS-LENS-768x768.jpeg|https://www.cmedistribution.com.my/wp-content/uploads/2026/01/HONOR-400-TS-LENS.jpeg,SKU-1QHM5L,41
Honor Magic 4 Pro LCD ORI Full Set + Fingerprint,300.00,Description Product Specifications and Feartures: -Honor Magic 4 Pro LCD ORI Full Set + Fingerprint -Warranty 1 Month -Self Damage Will Be No Warranty,https://www.cmedistribution.com.my/wp-content/uploads/2026/01/HONOR-MAGIC-4-PRO-LCD-ORI-FINGER-100x100.jpeg|https://www.cmedistribution.com.my/wp-content/uploads/2026/01/HONOR-MAGIC-4-PRO-LCD-ORI-FINGER-1024x1024.jpeg|https://www.cmedistribution.com.my/wp-content/uploads/2026/01/HONOR-MAGIC-4-PRO-LCD-ORI-FINGER-150x150.jpeg|https://www.cmedistribution.com.my/wp-content/uploads/2026/01/HONOR-MAGIC-4-PRO-LCD-ORI-FINGER-300x300.jpeg|https://www.cmedistribution.com.my/wp-content/uploads/2026/01/HONOR-MAGIC-4-PRO-LCD-ORI-FINGER-350x350.jpeg|https://www.cmedistribution.com.my/wp-content/uploads/2026/01/HONOR-MAGIC-4-PRO-LCD-ORI-FINGER-600x600.jpeg|https://www.cmedistribution.com.my/wp-content/uploads/2026/01/HONOR-MAGIC-4-PRO-LCD-ORI-FINGER-768x768.jpeg|https://www.cmedistribution.com.my/wp-content/uploads/2026/01/HONOR-MAGIC-4-PRO-LCD-ORI-FINGER.jpeg,SKU-OFX71P,93
Honor Magic 6-5G LCD ORI Full Set,174.00,Description Product Specifications and Features: -Honor Magic 6-5G LCD ORI Full Set -Warranty 1 Month -Self Damage Will Be No Warranty,https://www.cmedistribution.com.my/wp-content/uploads/2026/01/HONOR-MAGIC-6-LCD-ORI-FS.jpeg,SKU-IR0AAU,19
Honor Pad V8 Pro (ROD-W09) LCD ORI Full Set,222.00,Description Product Specifications and Features: -Honor Pad V8 Pro (ROD-W09) LCD ORI Full Set -Warranty 1 Month -Self Damage Will Be No Warranty,https://www.cmedistribution.com.my/wp-content/uploads/2026/01/HONOR-PAD-V8-PRO-LCD-ORI-FS.jpg,SKU-YUNAVE,26
Honor Pad V9 (ROL-W00) LCD ORI Full Set,234.00,Description Product Specifications and Features: -Honor Pad V9 (ROL-W00) LCD ORI Full Set -Warranty 1 Month -Self Damage Will Be No Warranty,https://www.cmedistribution.com.my/wp-content/uploads/2026/01/HONOR-PAD-V9-LCD-ORI-FS.jpg,SKU-7D56QG,73
Phone 12/12Pro Sticker Tape For Wireless Charging Heat Dissipation,3.60,Description Product Specifications and Feartures: -Phone 12/12Pro Sticker Tape For Wireless Charging Heat Dissipation,https://www.cmedistribution.com.my/wp-content/uploads/2026/01/IP-WIRELESS-CC-TAPE-100x100.jpeg|https://www.cmedistribution.com.my/wp-content/uploads/2026/01/IP-WIRELESS-CC-TAPE-1024x1024.jpeg|https://www.cmedistribution.com.my/wp-content/uploads/2026/01/IP-WIRELESS-CC-TAPE-150x150.jpeg|https://www.cmedistribution.com.my/wp-content/uploads/2026/01/IP-WIRELESS-CC-TAPE-300x300.jpeg|https://www.cmedistribution.com.my/wp-content/uploads/2026/01/IP-WIRELESS-CC-TAPE-350x350.jpeg|https://www.cmedistribution.com.my/wp-content/uploads/2026/01/IP-WIRELESS-CC-TAPE-600x600.jpeg|https://www.cmedistribution.com.my/wp-content/uploads/2026/01/IP-WIRELESS-CC-TAPE-768x768.jpeg|https://www.cmedistribution.com.my/wp-content/uploads/2026/01/IP-WIRELESS-CC-TAPE.jpeg,SKU-0ENP5J,87
Phone 12Mini Sticker Tape For Wireless Charging Heat Dissipation,3.60,Description Product Specifications and Feartures: -Phone 12Mini Sticker Tape For Wireless Charging Heat Dissipation,https://www.cmedistribution.com.my/wp-content/uploads/2026/01/IP-WIRELESS-CC-TAPE-100x100.jpeg|https://www.cmedistribution.com.my/wp-content/uploads/2026/01/IP-WIRELESS-CC-TAPE-1024x1024.jpeg|https://www.cmedistribution.com.my/wp-content/uploads/2026/01/IP-WIRELESS-CC-TAPE-150x150.jpeg|https://www.cmedistribution.com.my/wp-content/uploads/2026/01/IP-WIRELESS-CC-TAPE-300x300.jpeg|https://www.cmedistribution.com.my/wp-content/uploads/2026/01/IP-WIRELESS-CC-TAPE-350x350.jpeg|https://www.cmedistribution.com.my/wp-content/uploads/2026/01/IP-WIRELESS-CC-TAPE-600x600.jpeg|https://www.cmedistribution.com.my/wp-content/uploads/2026/01/IP-WIRELESS-CC-TAPE-768x768.jpeg|https://www.cmedistribution.com.my/wp-content/uploads/2026/01/IP-WIRELESS-CC-TAPE.jpeg,SKU-QRZO4L,72
Phone 12ProMax Sticker Tape For Wireless Charging Heat Dissipation,3.60,Description Product Specifications and Feartures: -Phone 12ProMax Sticker Tape For Wireless Charging Heat Dissipation,https://www.cmedistribution.com.my/wp-content/uploads/2026/01/IP-WIRELESS-CC-TAPE-100x100.jpeg|https://www.cmedistribution.com.my/wp-content/uploads/2026/01/IP-WIRELESS-CC-TAPE-1024x1024.jpeg|https://www.cmedistribution.com.my/wp-content/uploads/2026/01/IP-WIRELESS-CC-TAPE-150x150.jpeg|https://www.cmedistribution.com.my/wp-content/uploads/2026/01/IP-WIRELESS-CC-TAPE-300x300.jpeg|https://www.cmedistribution.com.my/wp-content/uploads/2026/01/IP-WIRELESS-CC-TAPE-350x350.jpeg|https://www.cmedistribution.com.my/wp-content/uploads/2026/01/IP-WIRELESS-CC-TAPE-600x600.jpeg|https://www.cmedistribution.com.my/wp-content/uploads/2026/01/IP-WIRELESS-CC-TAPE-768x768.jpeg|https://www.cmedistribution.com.my/wp-content/uploads/2026/01/IP-WIRELESS-CC-TAPE.jpeg,SKU-HUTL27,3
Phone 13 Sticker Tape For Wireless Charging Heat Dissipation,3.60,Description Product Specifications and Feartures: -Phone 13 Sticker Tape For Wireless Charging Heat Dissipation,https://www.cmedistribution.com.my/wp-content/uploads/2026/01/IP-WIRELESS-CC-TAPE-100x100.jpeg|https://www.cmedistribution.com.my/wp-content/uploads/2026/01/IP-WIRELESS-CC-TAPE-1024x1024.jpeg|https://www.cmedistribution.com.my/wp-content/uploads/2026/01/IP-WIRELESS-CC-TAPE-150x150.jpeg|https://www.cmedistribution.com.my/wp-content/uploads/2026/01/IP-WIRELESS-CC-TAPE-300x300.jpeg|https://www.cmedistribution.com.my/wp-content/uploads/2026/01/IP-WIRELESS-CC-TAPE-350x350.jpeg|https://www.cmedistribution.com.my/wp-content/uploads/2026/01/IP-WIRELESS-CC-TAPE-600x600.jpeg|https://www.cmedistribution.com.my/wp-content/uploads/2026/01/IP-WIRELESS-CC-TAPE-768x768.jpeg|https://www.cmedistribution.com.my/wp-content/uploads/2026/01/IP-WIRELESS-CC-TAPE.jpeg,SKU-LTPPMS,46
Phone 13Mini Sticker Tape For Wireless Charging Heat Dissipation,3.60,Description Product Specifications and Feartures: -Phone 13Mini Sticker Tape For Wireless Charging Heat Dissipation,https://www.cmedistribution.com.my/wp-content/uploads/2026/01/IP-WIRELESS-CC-TAPE-100x100.jpeg|https://www.cmedistribution.com.my/wp-content/uploads/2026/01/IP-WIRELESS-CC-TAPE-1024x1024.jpeg|https://www.cmedistribution.com.my/wp-content/uploads/2026/01/IP-WIRELESS-CC-TAPE-150x150.jpeg|https://www.cmedistribution.com.my/wp-content/uploads/2026/01/IP-WIRELESS-CC-TAPE-300x300.jpeg|https://www.cmedistribution.com.my/wp-content/uploads/2026/01/IP-WIRELESS-CC-TAPE-350x350.jpeg|https://www.cmedistribution.com.my/wp-content/uploads/2026/01/IP-WIRELESS-CC-TAPE-600x600.jpeg|https://www.cmedistribution.com.my/wp-content/uploads/2026/01/IP-WIRELESS-CC-TAPE-768x768.jpeg|https://www.cmedistribution.com.my/wp-content/uploads/2026/01/IP-WIRELESS-CC-TAPE.jpeg,SKU-SROPK4,18
Phone 13Pro Sticker Tape For Wireless Charging Heat Dissipation,3.60,Description Product Specifications and Feartures: -Phone 13Pro Sticker Tape For Wireless Charging Heat Dissipation,https://www.cmedistribution.com.my/wp-content/uploads/2026/01/IP-WIRELESS-CC-TAPE-100x100.jpeg|https://www.cmedistribution.com.my/wp-content/uploads/2026/01/IP-WIRELESS-CC-TAPE-1024x1024.jpeg|https://www.cmedistribution.com.my/wp-content/uploads/2026/01/IP-WIRELESS-CC-TAPE-150x150.jpeg|https://www.cmedistribution.com.my/wp-content/uploads/2026/01/IP-WIRELESS-CC-TAPE-300x300.jpeg|https://www.cmedistribution.com.my/wp-content/uploads/2026/01/IP-WIRELESS-CC-TAPE-350x350.jpeg|https://www.cmedistribution.com.my/wp-content/uploads/2026/01/IP-WIRELESS-CC-TAPE-600x600.jpeg|https://www.cmedistribution.com.my/wp-content/uploads/2026/01/IP-WIRELESS-CC-TAPE-768x768.jpeg|https://www.cmedistribution.com.my/wp-content/uploads/2026/01/IP-WIRELESS-CC-TAPE.jpeg,SKU-ZRSF76,10
Phone 13ProMax Sticker Tape For Wireless Charging Heat Dissipation,3.60,Description Product Specifications and Feartures: -Phone 13ProMax Sticker Tape For Wireless Charging Heat Dissipation,https://www.cmedistribution.com.my/wp-content/uploads/2026/01/IP-WIRELESS-CC-TAPE-100x100.jpeg|https://www.cmedistribution.com.my/wp-content/uploads/2026/01/IP-WIRELESS-CC-TAPE-1024x1024.jpeg|https://www.cmedistribution.com.my/wp-content/uploads/2026/01/IP-WIRELESS-CC-TAPE-150x150.jpeg|https://www.cmedistribution.com.my/wp-content/uploads/2026/01/IP-WIRELESS-CC-TAPE-300x300.jpeg|https://www.cmedistribution.com.my/wp-content/uploads/2026/01/IP-WIRELESS-CC-TAPE-350x350.jpeg|https://www.cmedistribution.com.my/wp-content/uploads/2026/01/IP-WIRELESS-CC-TAPE-600x600.jpeg|https://www.cmedistribution.com.my/wp-content/uploads/2026/01/IP-WIRELESS-CC-TAPE-768x768.jpeg|https://www.cmedistribution.com.my/wp-content/uploads/2026/01/IP-WIRELESS-CC-TAPE.jpeg,SKU-4PQTPM,24
Phone Air (17Air) LCD ORI New Full Set,2100.00,"Description Product Specifications and Features: -Phone Air (17Air) LCD ORI New Full Set -Warranty 1 Month,(AFTER DIAGNOS NO WARRANTY) -Self Damage Will Be No Warranty",https://www.cmedistribution.com.my/wp-content/uploads/2026/01/IP-17-AIR-LCD-ORI-NEW-FS.jpeg,SKU-CGERUI,59
SANHEKING Lamination Mold – 17Pro,138.00,Description SANHEKING Lamination Mold – 17Pro,https://www.cmedistribution.com.my/wp-content/uploads/2026/01/SVC-5708-100x100.jpg|https://www.cmedistribution.com.my/wp-content/uploads/2026/01/SVC-5708-150x150.jpg|https://www.cmedistribution.com.my/wp-content/uploads/2026/01/SVC-5708-300x300.jpg|https://www.cmedistribution.com.my/wp-content/uploads/2026/01/SVC-5708-350x350.jpg|https://www.cmedistribution.com.my/wp-content/uploads/2026/01/SVC-5708-scaled.jpg,SKU-BXNQ0W,95
SANHEKING Lamination Mold – 17Promax,138.00,Description SANHEKING Lamination Mold – 17Promax,https://www.cmedistribution.com.my/wp-content/uploads/2026/01/SVC-5709.jpg,SKU-XSM0AL,82
Vivo V30-5G Ribbon UI For Charging,8.40,Description Product Specifications and Features: -Vivo V30-5G Ribbon UI For Charging -(LJS18-5G(M)),https://www.cmedistribution.com.my/wp-content/uploads/2026/01/VIVO-V30-5G-RB-UI-CG-100x100.jpeg|https://www.cmedistribution.com.my/wp-content/uploads/2026/01/VIVO-V30-5G-RB-UI-CG-1024x1024.jpeg|https://www.cmedistribution.com.my/wp-content/uploads/2026/01/VIVO-V30-5G-RB-UI-CG-150x150.jpeg|https://www.cmedistribution.com.my/wp-content/uploads/2026/01/VIVO-V30-5G-RB-UI-CG-300x300.jpeg|https://www.cmedistribution.com.my/wp-content/uploads/2026/01/VIVO-V30-5G-RB-UI-CG-350x350.jpeg|https://www.cmedistribution.com.my/wp-content/uploads/2026/01/VIVO-V30-5G-RB-UI-CG-600x600.jpeg|https://www.cmedistribution.com.my/wp-content/uploads/2026/01/VIVO-V30-5G-RB-UI-CG-768x768.jpeg|https://www.cmedistribution.com.my/wp-content/uploads/2026/01/VIVO-V30-5G-RB-UI-CG.jpeg,SKU-U01J2R,25
Vivo V40 Pro-5G V2347 LCD ORI Full Set,210.00,Description Product Specifications and Features: -Vivo V40 Pro-5G V2347 LCD ORI Full Set -Warranty 1 Month -Self Damage Will Be No Warranty,https://www.cmedistribution.com.my/wp-content/uploads/2026/01/VIVO-V40-PRO-LCD-ORI-FS-100x100.jpeg|https://www.cmedistribution.com.my/wp-content/uploads/2026/01/VIVO-V40-PRO-LCD-ORI-FS-1024x1024.jpeg|https://www.cmedistribution.com.my/wp-content/uploads/2026/01/VIVO-V40-PRO-LCD-ORI-FS-150x150.jpeg|https://www.cmedistribution.com.my/wp-content/uploads/2026/01/VIVO-V40-PRO-LCD-ORI-FS-300x300.jpeg|https://www.cmedistribution.com.my/wp-content/uploads/2026/01/VIVO-V40-PRO-LCD-ORI-FS-350x350.jpeg|https://www.cmedistribution.com.my/wp-content/uploads/2026/01/VIVO-V40-PRO-LCD-ORI-FS-600x600.jpeg|https://www.cmedistribution.com.my/wp-content/uploads/2026/01/VIVO-V40-PRO-LCD-ORI-FS-768x768.jpeg|https://www.cmedistribution.com.my/wp-content/uploads/2026/01/VIVO-V40-PRO-LCD-ORI-FS.jpeg,SKU-6ZAVSE,79
2UUL SD24 4-in-1 Screwdriver Bit Storage Set (4PCS),21.60,"Description Features: -Magnetic storage -Latch Design -Using S2 High-Hardness Alloy -Bit Type: Convex Cross 2.5mm, Tri-Point 0.6mm, Philips 1.2/1.5mm, Pentalobe 0.8mm",https://www.cmedistribution.com.my/wp-content/uploads/2026/01/SVC-5706-1.webp|https://www.cmedistribution.com.my/wp-content/uploads/2026/01/SVC-5706-2.webp|https://www.cmedistribution.com.my/wp-content/uploads/2026/01/SVC-5706-3.webp|https://www.cmedistribution.com.my/wp-content/uploads/2026/01/SVC-5706-4.webp|https://www.cmedistribution.com.my/wp-content/uploads/2026/01/SVC-5706-5.webp|https://www.cmedistribution.com.my/wp-content/uploads/2026/01/SVC-5706-6.webp,SKU-LCX64V,64
2UUL ST95 Screw Magdock Alloy Screw Storage Pad,30.00,"Description Features: -7-Zone combination, magnetic storage for different types of screws, at the bottom of each partition, rubber magnets are used to attach screws, making them less likely to be lost -Magnetic module, NdFeB magnet: The product comes with a strong magnetic module that can magnetize the screwdriver bit, making the screwdriver more user-friendly -Aluminum alloy material CNC precision machining, high hardness, corrosion resistance, good looking and practical",https://www.cmedistribution.com.my/wp-content/uploads/2026/01/SVC-5707-1.webp|https://www.cmedistribution.com.my/wp-content/uploads/2026/01/SVC-5707-2.webp|https://www.cmedistribution.com.my/wp-content/uploads/2026/01/SVC-5707-3.webp|https://www.cmedistribution.com.my/wp-content/uploads/2026/01/SVC-5707-4.webp|https://www.cmedistribution.com.my/wp-content/uploads/2026/01/SVC-5707-5.webp|https://www.cmedistribution.com.my/wp-content/uploads/2026/01/SVC-5707-6.webp,SKU-TSPJRZ,80
MCDODO CA-656 1.2 Meter 60W 4-IN-1 Magtidy Travel Cable,19.44,Description MCDODO CA-656 1.2 Meter 60W 4-IN-1 Magtidy Travel Cable,https://www.cmedistribution.com.my/wp-content/uploads/2026/01/CA-656-1-100x100.jpeg|https://www.cmedistribution.com.my/wp-content/uploads/2026/01/CA-656-1-150x150.jpeg|https://www.cmedistribution.com.my/wp-content/uploads/2026/01/CA-656-1-300x300.jpeg|https://www.cmedistribution.com.my/wp-content/uploads/2026/01/CA-656-1-350x350.jpeg|https://www.cmedistribution.com.my/wp-content/uploads/2026/01/CA-656-1.jpeg|https://www.cmedistribution.com.my/wp-content/uploads/2026/01/CA-656-2-100x100.jpeg|https://www.cmedistribution.com.my/wp-content/uploads/2026/01/CA-656-2-150x150.jpeg|https://www.cmedistribution.com.my/wp-content/uploads/2026/01/CA-656-2-300x300.jpeg|https://www.cmedistribution.com.my/wp-content/uploads/2026/01/CA-656-2-350x350.jpeg|https://www.cmedistribution.com.my/wp-content/uploads/2026/01/CA-656-3-100x100.jpeg|https://www.cmedistribution.com.my/wp-content/uploads/2026/01/CA-656-3-150x150.jpeg|https://www.cmedistribution.com.my/wp-content/uploads/2026/01/CA-656-3-300x300.jpeg|https://www.cmedistribution.com.my/wp-content/uploads/2026/01/CA-656-3-350x350.jpeg|https://www.cmedistribution.com.my/wp-content/uploads/2026/01/CA-656-4-100x100.jpeg|https://www.cmedistribution.com.my/wp-content/uploads/2026/01/CA-656-4-150x150.jpeg|https://www.cmedistribution.com.my/wp-content/uploads/2026/01/CA-656-4-300x300.jpeg|https://www.cmedistribution.com.my/wp-content/uploads/2026/01/CA-656-4-350x350.jpeg|https://www.cmedistribution.com.my/wp-content/uploads/2026/01/CA-656-5-100x100.jpeg|https://www.cmedistribution.com.my/wp-content/uploads/2026/01/CA-656-5-150x150.jpeg|https://www.cmedistribution.com.my/wp-content/uploads/2026/01/CA-656-5-300x300.jpeg|https://www.cmedistribution.com.my/wp-content/uploads/2026/01/CA-656-5-350x350.jpeg,SKU-YQK12M,62
MCDODO CA-817 1.2 Meter 3A Fast Charge Phone Cable with 7 Colorful Lights,10.20,Description MCDODO CA-817 1.2 Meter 3A Fast Charge Phone Cable with 7 Colorful Lights,https://www.cmedistribution.com.my/wp-content/uploads/2026/01/CA-817-1-100x100.jpeg|https://www.cmedistribution.com.my/wp-content/uploads/2026/01/CA-817-1-150x150.jpeg|https://www.cmedistribution.com.my/wp-content/uploads/2026/01/CA-817-1-300x300.jpeg|https://www.cmedistribution.com.my/wp-content/uploads/2026/01/CA-817-1-350x350.jpeg|https://www.cmedistribution.com.my/wp-content/uploads/2026/01/CA-817-1.jpeg|https://www.cmedistribution.com.my/wp-content/uploads/2026/01/CA-817-2-100x100.jpeg|https://www.cmedistribution.com.my/wp-content/uploads/2026/01/CA-817-2-150x150.jpeg|https://www.cmedistribution.com.my/wp-content/uploads/2026/01/CA-817-2-300x300.jpeg|https://www.cmedistribution.com.my/wp-content/uploads/2026/01/CA-817-2-350x350.jpeg|https://www.cmedistribution.com.my/wp-content/uploads/2026/01/CA-817-3-100x100.jpeg|https://www.cmedistribution.com.my/wp-content/uploads/2026/01/CA-817-3-150x150.jpeg|https://www.cmedistribution.com.my/wp-content/uploads/2026/01/CA-817-3-300x300.jpeg|https://www.cmedistribution.com.my/wp-content/uploads/2026/01/CA-817-3-350x350.jpeg|https://www.cmedistribution.com.my/wp-content/uploads/2026/01/CA-817-4-100x100.jpeg|https://www.cmedistribution.com.my/wp-content/uploads/2026/01/CA-817-4-150x150.jpeg|https://www.cmedistribution.com.my/wp-content/uploads/2026/01/CA-817-4-300x300.jpeg|https://www.cmedistribution.com.my/wp-content/uploads/2026/01/CA-817-4-350x350.jpeg|https://www.cmedistribution.com.my/wp-content/uploads/2026/01/CA-817-5-100x100.jpeg|https://www.cmedistribution.com.my/wp-content/uploads/2026/01/CA-817-5-150x150.jpeg|https://www.cmedistribution.com.my/wp-content/uploads/2026/01/CA-817-5-300x300.jpeg|https://www.cmedistribution.com.my/wp-content/uploads/2026/01/CA-817-5-350x350.jpeg,SKU-G8KU8Y,80
MCDODO CA-818 1.2 Meter 6A Fast Charge Type-C Cable with 7 Colorful Lights,11.88,Description MCDODO CA-818 1.2 Meter 6A Fast Charge Type-C Cable with 7 Colorful Lights,https://www.cmedistribution.com.my/wp-content/uploads/2026/01/CA-818-1-100x100.jpeg|https://www.cmedistribution.com.my/wp-content/uploads/2026/01/CA-818-1-150x150.jpeg|https://www.cmedistribution.com.my/wp-content/uploads/2026/01/CA-818-1-300x300.jpeg|https://www.cmedistribution.com.my/wp-content/uploads/2026/01/CA-818-1-350x350.jpeg|https://www.cmedistribution.com.my/wp-content/uploads/2026/01/CA-818-2-100x100.jpeg|https://www.cmedistribution.com.my/wp-content/uploads/2026/01/CA-818-2-150x150.jpeg|https://www.cmedistribution.com.my/wp-content/uploads/2026/01/CA-818-2-300x300.jpeg|https://www.cmedistribution.com.my/wp-content/uploads/2026/01/CA-818-2-350x350.jpeg|https://www.cmedistribution.com.my/wp-content/uploads/2026/01/CA-818-3-100x100.jpeg|https://www.cmedistribution.com.my/wp-content/uploads/2026/01/CA-818-3-150x150.jpeg|https://www.cmedistribution.com.my/wp-content/uploads/2026/01/CA-818-3-300x300.jpeg|https://www.cmedistribution.com.my/wp-content/uploads/2026/01/CA-818-3-350x350.jpeg|https://www.cmedistribution.com.my/wp-content/uploads/2026/01/CA-818-4-100x100.jpeg|https://www.cmedistribution.com.my/wp-content/uploads/2026/01/CA-818-4-150x150.jpeg|https://www.cmedistribution.com.my/wp-content/uploads/2026/01/CA-818-4-300x300.jpeg|https://www.cmedistribution.com.my/wp-content/uploads/2026/01/CA-818-4-350x350.jpeg|https://www.cmedistribution.com.my/wp-content/uploads/2026/01/CA-818-4.jpeg|https://www.cmedistribution.com.my/wp-content/uploads/2026/01/CA-818-5-100x100.jpeg|https://www.cmedistribution.com.my/wp-content/uploads/2026/01/CA-818-5-150x150.jpeg|https://www.cmedistribution.com.my/wp-content/uploads/2026/01/CA-818-5-300x300.jpeg|https://www.cmedistribution.com.my/wp-content/uploads/2026/01/CA-818-5-350x350.jpeg,SKU-QI2UHR,95
MCDODO CA-819 1.2 Meter 36W Fast Charge PD Type-C to Phone Cable with 7 Colorful Lights,12.72,Description MCDODO CA-819 1.2 Meter 36W Fast Charge PD Type-C to Phone Cable with 7 Colorful Lights,https://www.cmedistribution.com.my/wp-content/uploads/2026/01/CA-819-1-100x100.jpeg|https://www.cmedistribution.com.my/wp-content/uploads/2026/01/CA-819-1-150x150.jpeg|https://www.cmedistribution.com.my/wp-content/uploads/2026/01/CA-819-1-300x300.jpeg|https://www.cmedistribution.com.my/wp-content/uploads/2026/01/CA-819-1-350x350.jpeg|https://www.cmedistribution.com.my/wp-content/uploads/2026/01/CA-819-1.jpeg|https://www.cmedistribution.com.my/wp-content/uploads/2026/01/CA-819-2-100x100.jpeg|https://www.cmedistribution.com.my/wp-content/uploads/2026/01/CA-819-2-150x150.jpeg|https://www.cmedistribution.com.my/wp-content/uploads/2026/01/CA-819-2-300x300.jpeg|https://www.cmedistribution.com.my/wp-content/uploads/2026/01/CA-819-2-350x350.jpeg|https://www.cmedistribution.com.my/wp-content/uploads/2026/01/CA-819-3-100x100.jpeg|https://www.cmedistribution.com.my/wp-content/uploads/2026/01/CA-819-3-150x150.jpeg|https://www.cmedistribution.com.my/wp-content/uploads/2026/01/CA-819-3-300x300.jpeg|https://www.cmedistribution.com.my/wp-content/uploads/2026/01/CA-819-3-350x350.jpeg|https://www.cmedistribution.com.my/wp-content/uploads/2026/01/CA-819-4-100x100.jpeg|https://www.cmedistribution.com.my/wp-content/uploads/2026/01/CA-819-4-150x150.jpeg|https://www.cmedistribution.com.my/wp-content/uploads/2026/01/CA-819-4-300x300.jpeg|https://www.cmedistribution.com.my/wp-content/uploads/2026/01/CA-819-4-350x350.jpeg|https://www.cmedistribution.com.my/wp-content/uploads/2026/01/CA-819-5-100x100.jpeg|https://www.cmedistribution.com.my/wp-content/uploads/2026/01/CA-819-5-150x150.jpeg|https://www.cmedistribution.com.my/wp-content/uploads/2026/01/CA-819-5-300x300.jpeg|https://www.cmedistribution.com.my/wp-content/uploads/2026/01/CA-819-5-350x350.jpeg,SKU-87UBUW,5
MCDODO CA-820 1.2 Meter 100W Fast Charge PD Type-C to Type-C Cable with 7 Colorful Lights,12.72,Description MCDODO CA-820 1.2 Meter 100W Fast Charge PD Type-C to Type-C Cable with 7 Colorful Lights,https://www.cmedistribution.com.my/wp-content/uploads/2026/01/CA-820-5.jpeg,SKU-5M4Z4F,41
MCDODO CH-099 45W Ultimate Mini Gan Charger,55.56,Description MCDODO CH-099 45W Ultimate Mini Gan Charger,https://www.cmedistribution.com.my/wp-content/uploads/2026/01/CH-099-1-100x100.jpeg|https://www.cmedistribution.com.my/wp-content/uploads/2026/01/CH-099-1-150x150.jpeg|https://www.cmedistribution.com.my/wp-content/uploads/2026/01/CH-099-1-300x300.jpeg|https://www.cmedistribution.com.my/wp-content/uploads/2026/01/CH-099-1-350x350.jpeg|https://www.cmedistribution.com.my/wp-content/uploads/2026/01/CH-099-2-100x100.jpeg|https://www.cmedistribution.com.my/wp-content/uploads/2026/01/CH-099-2-150x150.jpeg|https://www.cmedistribution.com.my/wp-content/uploads/2026/01/CH-099-2-300x300.jpeg|https://www.cmedistribution.com.my/wp-content/uploads/2026/01/CH-099-2-350x350.jpeg|https://www.cmedistribution.com.my/wp-content/uploads/2026/01/CH-099-2.jpeg|https://www.cmedistribution.com.my/wp-content/uploads/2026/01/CH-099-3-100x100.jpeg|https://www.cmedistribution.com.my/wp-content/uploads/2026/01/CH-099-3-150x150.jpeg|https://www.cmedistribution.com.my/wp-content/uploads/2026/01/CH-099-3-300x300.jpeg|https://www.cmedistribution.com.my/wp-content/uploads/2026/01/CH-099-3-350x350.jpeg|https://www.cmedistribution.com.my/wp-content/uploads/2026/01/CH-099-4-100x100.jpeg|https://www.cmedistribution.com.my/wp-content/uploads/2026/01/CH-099-4-150x150.jpeg|https://www.cmedistribution.com.my/wp-content/uploads/2026/01/CH-099-4-300x300.jpeg|https://www.cmedistribution.com.my/wp-content/uploads/2026/01/CH-099-4-350x350.jpeg|https://www.cmedistribution.com.my/wp-content/uploads/2026/01/CH-099-5-100x100.jpeg|https://www.cmedistribution.com.my/wp-content/uploads/2026/01/CH-099-5-150x150.jpeg|https://www.cmedistribution.com.my/wp-content/uploads/2026/01/CH-099-5-300x300.jpeg|https://www.cmedistribution.com.my/wp-content/uploads/2026/01/CH-099-5-350x350.jpeg|https://www.cmedistribution.com.my/wp-content/uploads/2026/01/CH-099-6-100x100.jpeg|https://www.cmedistribution.com.my/wp-content/uploads/2026/01/CH-099-6-150x150.jpeg|https://www.cmedistribution.com.my/wp-content/uploads/2026/01/CH-099-6-300x300.jpeg|https://www.cmedistribution.com.my/wp-content/uploads/2026/01/CH-099-6-350x350.jpeg|https://www.cmedistribution.com.my/wp-content/uploads/2026/01/CH-099-7-100x100.jpeg|https://www.cmedistribution.com.my/wp-content/uploads/2026/01/CH-099-7-150x150.jpeg|https://www.cmedistribution.com.my/wp-content/uploads/2026/01/CH-099-7-300x300.jpeg|https://www.cmedistribution.com.my/wp-content/uploads/2026/01/CH-099-7-350x350.jpeg,SKU-HJUA45,28
MCDODO CM-432 Car Headrest Tablet Mount,33.72,Description MCDODO CM-432 Car Headrest Tablet Mount,https://www.cmedistribution.com.my/wp-content/uploads/2026/01/CM-432-2.jpeg,SKU-Y4A4HA,3
MCDODO FS-802 Leather Foldable Laptop & Tablet Stand (Compatible with 7″-16″),48.84,Description MCDODO FS-802 Leather Foldable Laptop & Tablet Stand (Compatible with 7″-16″),https://www.cmedistribution.com.my/wp-content/uploads/2026/01/FS-802-7.jpeg,SKU-Y58QZ3,63
MCDODO OT-7390 USB-A to Phone Transfer Adapter,13.56,Description MCDODO OT-7390 USB-A to Phone Transfer Adapter,https://www.cmedistribution.com.my/wp-content/uploads/2026/01/OT-7390-1.jpeg|https://www.cmedistribution.com.my/wp-content/uploads/2026/01/OT-7390-2.jpeg|https://www.cmedistribution.com.my/wp-content/uploads/2026/01/OT-7390-3.jpeg|https://www.cmedistribution.com.my/wp-content/uploads/2026/01/OT-7390-4.jpeg|https://www.cmedistribution.com.my/wp-content/uploads/2026/01/OT-7390-5.jpeg,SKU-L0IBDV,77
MCDODO OT-7400 USB-A to USB-C Transfer Adapter,7.68,Description MCDODO OT-7400 USB-A to USB-C Transfer Adapter,https://www.cmedistribution.com.my/wp-content/uploads/2026/01/OT-7400-1.jpeg|https://www.cmedistribution.com.my/wp-content/uploads/2026/01/OT-7400-2.jpeg|https://www.cmedistribution.com.my/wp-content/uploads/2026/01/OT-7400-3.jpeg|https://www.cmedistribution.com.my/wp-content/uploads/2026/01/OT-7400-4.jpeg|https://www.cmedistribution.com.my/wp-content/uploads/2026/01/OT-7400-5.jpeg,SKU-MMM4SD,34
MCDODO OT-7580 USB-C to USB-A Transfer Adapter,7.20,Description MCDODO OT-7580 USB-C to USB-A Transfer Adapter,https://www.cmedistribution.com.my/wp-content/uploads/2026/01/OT-7580-1.jpeg|https://www.cmedistribution.com.my/wp-content/uploads/2026/01/OT-7580-2.jpeg|https://www.cmedistribution.com.my/wp-content/uploads/2026/01/OT-7580-3.jpeg|https://www.cmedistribution.com.my/wp-content/uploads/2026/01/OT-7580-4.jpeg|https://www.cmedistribution.com.my/wp-content/uploads/2026/01/OT-7580-5.jpeg,SKU-WP1QIO,99
MCDODO WH-792 Leather Magnetic Card Holder,25.80,Description MCDODO WH-792 Leather Magnetic Card Holder,https://www.cmedistribution.com.my/wp-content/uploads/2026/01/WH-792-5.jpeg,SKU-EGUY1B,86
MOXOM LX-CB839 1.2 Meter 100W 6A Fast Charging Type-C Data Cable,8.64,Description MOXOM LX-CB839 1.2 Meter 100W 6A Fast Charging Type-C Data Cable,https://www.cmedistribution.com.my/wp-content/uploads/2026/01/CB839-2.jpeg|https://www.cmedistribution.com.my/wp-content/uploads/2026/01/CB839-3.jpeg|https://www.cmedistribution.com.my/wp-content/uploads/2026/01/CB839-4.jpeg|https://www.cmedistribution.com.my/wp-content/uploads/2026/01/CB839-5.jpeg|https://www.cmedistribution.com.my/wp-content/uploads/2026/01/CB839-6.jpeg|https://www.cmedistribution.com.my/wp-content/uploads/2026/01/CB839-7.jpeg,SKU-L1LKMJ,66
MOXOM MX-CB332 1 Meter 36W Fast Charging Type-C tp Type-C Data Cable,2.88,Description MOXOM MX-CB332 1 Meter 36W Fast Charging Type-C tp Type-C Data Cable,https://www.cmedistribution.com.my/wp-content/uploads/2026/01/CB332-1.jpeg|https://www.cmedistribution.com.my/wp-content/uploads/2026/01/CB332-2.jpeg|https://www.cmedistribution.com.my/wp-content/uploads/2026/01/CB332-3.jpeg|https://www.cmedistribution.com.my/wp-content/uploads/2026/01/CB332-4.jpeg|https://www.cmedistribution.com.my/wp-content/uploads/2026/01/CB332-5.jpeg|https://www.cmedistribution.com.my/wp-content/uploads/2026/01/CB332-6.jpeg,SKU-T0DLOB,25
Oppo Reno 15-5G LCD ORI Full Set,366.00,Description Product Specifications and Features: -Oppo Reno 15-5G LCD ORI Full Set -Warranty 1 Month -Self Damage Will Be No Warranty,https://www.cmedistribution.com.my/wp-content/uploads/2026/01/OPPO-RENO-15-5G-LCD-ORI-FS-100x100.jpeg|https://www.cmedistribution.com.my/wp-content/uploads/2026/01/OPPO-RENO-15-5G-LCD-ORI-FS-1024x1024.jpeg|https://www.cmedistribution.com.my/wp-content/uploads/2026/01/OPPO-RENO-15-5G-LCD-ORI-FS-150x150.jpeg|https://www.cmedistribution.com.my/wp-content/uploads/2026/01/OPPO-RENO-15-5G-LCD-ORI-FS-300x300.jpeg|https://www.cmedistribution.com.my/wp-content/uploads/2026/01/OPPO-RENO-15-5G-LCD-ORI-FS-350x350.jpeg|https://www.cmedistribution.com.my/wp-content/uploads/2026/01/OPPO-RENO-15-5G-LCD-ORI-FS-600x600.jpeg|https://www.cmedistribution.com.my/wp-content/uploads/2026/01/OPPO-RENO-15-5G-LCD-ORI-FS-768x768.jpeg|https://www.cmedistribution.com.my/wp-content/uploads/2026/01/OPPO-RENO-15-5G-LCD-ORI-FS.jpeg,SKU-D2JO6L,14
Phone 17 LCD RJ Soft OLED Full Set (Support Move IC),522.00,Description Product Specifications and Features: -Phone 17 LCD RJ Soft OLED Full Set (Support Move IC) -Warranty 1 Month -Self Damage Will Be No Warranty,https://www.cmedistribution.com.my/wp-content/uploads/2026/01/IP-17-LCD-RJ-SOFT-OLED-FS.jpeg,SKU-UJVZ00,100
SM Z Fold 3-5G F926 Ribbon Sim Holder,10.80,Description Product Specifications and Features: -SM Z Fold 3-5G F926 Ribbon Sim Holder -(SM-F926U REV0.5 KH132K),https://www.cmedistribution.com.my/wp-content/uploads/2026/01/SAM-Z-FOLD-3-RB-SIM-HOLDER.jpeg,SKU-Y6QZ6A,17
Xiaomi 15T Pro-5G LCD ORI Full Set,474.00,Description Product Specifications and Feartures: -Xiaomi 15T Pro-5G LCD ORI Full Set -Warranty 1 Month -Self Damage Will Be No Warranty,https://www.cmedistribution.com.my/wp-content/uploads/2026/01/XIAOMI-15T-PRO-LCD-ORI-FS.jpeg,SKU-747HVR,94
鲁斑 LB-RB Face ID Non-Removal Repair Cable (Tag-On),42.00,Description 鲁斑 LB-RB Face ID Non-Removal Repair Cable (Tag-On) 👉13/13MINI 👉13PRO 👉13PROMAX 👉14PRO 👉14PROMAX 👉15/15PLUS 👉15PRO 👉15PROMAX,https://www.cmedistribution.com.my/wp-content/uploads/2026/01/SVC-5690-7-100x100.jpg|https://www.cmedistribution.com.my/wp-content/uploads/2026/01/SVC-5690-7-1024x1024.jpg|https://www.cmedistribution.com.my/wp-content/uploads/2026/01/SVC-5690-7-150x150.jpg|https://www.cmedistribution.com.my/wp-content/uploads/2026/01/SVC-5690-7-300x300.jpg|https://www.cmedistribution.com.my/wp-content/uploads/2026/01/SVC-5690-7-350x350.jpg|https://www.cmedistribution.com.my/wp-content/uploads/2026/01/SVC-5690-7-600x600.jpg|https://www.cmedistribution.com.my/wp-content/uploads/2026/01/SVC-5690-7-768x768.jpg|https://www.cmedistribution.com.my/wp-content/uploads/2026/01/SVC-5690-7.jpg,SKU-QPIIC1,72
2UUL Back Cover Sealing Adhesive (5pcs/pack),12.00,Description 2UUL Back Cover Sealing Adhesive (5pcs/pack) 👉BA14 IP14 👉BA14PS IP14PLUS 👉BA15 IP15 👉BA15PS IP15PLUS 👉BA15P IP 15PRO 👉BA15PM IP15PM 👉BA16 IP16 👉BA16PS IP16PLUS 👉BA16PM IP16PM 👉BA17 IP17 👉BA17A IP17AIR 👉BA17P IP17PRO 👉BA17PM IP17PM,https://www.cmedistribution.com.my/wp-content/uploads/2026/01/SVC-5653-5665-1.webp|https://www.cmedistribution.com.my/wp-content/uploads/2026/01/SVC-5653-5665-2.webp|https://www.cmedistribution.com.my/wp-content/uploads/2026/01/SVC-5653-5665-3.webp|https://www.cmedistribution.com.my/wp-content/uploads/2026/01/SVC-5653-5665-4.webp|https://www.cmedistribution.com.my/wp-content/uploads/2026/01/SVC-5653-5665-5.webp|https://www.cmedistribution.com.my/wp-content/uploads/2026/01/SVC-5653-5665-6.webp,SKU-YX2ZCE,0
2UUL Cushion Seal Tape for Screen Frame & Back Cover (5Rolls/pack),9.60,Description 2UUL Cushion Seal Tape for Screen Frame & Back Cover (5Rolls/pack) 👉CS01 3MM 👉CS02 5MM,https://www.cmedistribution.com.my/wp-content/uploads/2026/01/SVC-5647-8-1.webp|https://www.cmedistribution.com.my/wp-content/uploads/2026/01/SVC-5647-8-2.webp|https://www.cmedistribution.com.my/wp-content/uploads/2026/01/SVC-5647-8-3.webp|https://www.cmedistribution.com.my/wp-content/uploads/2026/01/SVC-5647-8-4.webp|https://www.cmedistribution.com.my/wp-content/uploads/2026/01/SVC-5647-8-5.webp|https://www.cmedistribution.com.my/wp-content/uploads/2026/01/SVC-5647-8-6.webp,SKU-N0S0DU,61
2UUL Screen Sealing Adhesive (5pcs/pack),12.00,Description 2UUL Screen Sealing Adhesive (5pcs/pack) 👉SA12 IP12 👉SA12M IP12MINI 👉SA12P IP12PRO 👉SA12PM IP12PM 👉SA13 IP13 👉SA13M IP13MINI 👉SA13P IP13PRO 👉SA13PM IP13PM 👉SA14 IP14 👉SA14PS IP14PLUS 👉SA14P IP14PRO 👉SA14PM IP14PM 👉SA15 IP15 👉SA15PS IP15PLUS 👉SA15P IP15PRO 👉SA15PM IP15PM 👉SA16 IP16 👉SA16PS IP16PLUS 👉SA16P IP16PRO 👉SA16PM IP16PM 👉SA17 IP17 👉SA17A IP17AIR 👉SA17P IP17PRO 👉SA17PM IP17PM,https://www.cmedistribution.com.my/wp-content/uploads/2026/01/SVC-5666-89-1.webp|https://www.cmedistribution.com.my/wp-content/uploads/2026/01/SVC-5666-89-2.webp|https://www.cmedistribution.com.my/wp-content/uploads/2026/01/SVC-5666-89-3.webp|https://www.cmedistribution.com.my/wp-content/uploads/2026/01/SVC-5666-89-4.webp|https://www.cmedistribution.com.my/wp-content/uploads/2026/01/SVC-5666-89-5.webp|https://www.cmedistribution.com.my/wp-content/uploads/2026/01/SVC-5666-89-6.webp,SKU-0H6FZ3,8
AMAOE F-Universal Solder Mask Repair The Green Oil Mesh,4.80,Description AMAOE F-Universal Solder Mask Repair The Green Oil Mesh,https://www.cmedistribution.com.my/wp-content/uploads/2026/01/SVC-5649.webp,SKU-N3AOPJ,56
HY-4K Max High-Definition Industrial Microscope Camera,582.00,Description HY-4K Max High-Definition Industrial Microscope Camera,https://www.cmedistribution.com.my/wp-content/uploads/2026/01/SVC-5652-100x100.jpg|https://www.cmedistribution.com.my/wp-content/uploads/2026/01/SVC-5652-150x150.jpg|https://www.cmedistribution.com.my/wp-content/uploads/2026/01/SVC-5652-300x300.jpg|https://www.cmedistribution.com.my/wp-content/uploads/2026/01/SVC-5652-350x350.jpg|https://www.cmedistribution.com.my/wp-content/uploads/2026/01/SVC-5652-scaled.jpg,SKU-5Z7P9W,85
JBC T210-A Soldering Handle for Accessories Replacement,360.00,Description JBC T210-A Soldering Handle for Accessories Replacement,https://www.cmedistribution.com.my/wp-content/uploads/2026/01/SVC-5700-1.webp|https://www.cmedistribution.com.my/wp-content/uploads/2026/01/SVC-5700-2-1.webp|https://www.cmedistribution.com.my/wp-content/uploads/2026/01/SVC-5700-3.webp,SKU-NW6EV5,66
JCID IX4 Mobile Phone Restore Box,1032.00,Description JCID IX4 Mobile Phone Restore Box,https://www.cmedistribution.com.my/wp-content/uploads/2026/01/SVC-5701-2.webp|https://www.cmedistribution.com.my/wp-content/uploads/2026/01/SVC-5701-3.webp|https://www.cmedistribution.com.my/wp-content/uploads/2026/01/SVC-5701-4.webp|https://www.cmedistribution.com.my/wp-content/uploads/2026/01/SVC-5701-5.webp|https://www.cmedistribution.com.my/wp-content/uploads/2026/01/SVC-5701-6.webp|https://www.cmedistribution.com.my/wp-content/uploads/2026/01/SVC-5701-7.webp|https://www.cmedistribution.com.my/wp-content/uploads/2026/01/SVC-5701-8.webp|https://www.cmedistribution.com.my/wp-content/uploads/2026/01/SVC-5701-9.webp,SKU-RK7UQI,91
MAANT MR-01 Face Lattice Maintenance Fixture X-17 Series,72.00,Description MAANT MR-01 Face Lattice Maintenance Fixture X-17 Series,https://www.cmedistribution.com.my/wp-content/uploads/2026/01/SVC-5702-1.webp|https://www.cmedistribution.com.my/wp-content/uploads/2026/01/SVC-5702-2.webp|https://www.cmedistribution.com.my/wp-content/uploads/2026/01/SVC-5702-3.webp|https://www.cmedistribution.com.my/wp-content/uploads/2026/01/SVC-5702-4.webp|https://www.cmedistribution.com.my/wp-content/uploads/2026/01/SVC-5702-5.webp,SKU-7YR0BZ,66
MECHANIC DC1505 Desktop Power Supply,222.00,"Description Features: -Shrink by more than 50%, even shorter than a mobile phone, smaller than the volume of 99% adjustable power sources in the market, maximize space savings for maintenance tables -Easy to operate and get started, large numbers, knobs, and buttons, LED lighting and digital display are not afraid of low light environments, the rotary encoder is stable and reliable -Authentic materials and sufficient power, stable full load operation, refuse any issues caused by unstable current or insufficient power, repair issues such as equipment not turning on or restarting -Quiet operation and low noise heat dissipation, to ensure the stable operation of the product, the product can conduct heat dissipation through an all-metal body, secondly, the product will also be intelligent through customized fans -Universal interface, the lantern head is the most widely used interface for power supplies, combined with the use of crocodile clips, it can handle most usage situations -Very safe, short circuit protection, built-in fuse, if a short circuit occurs, the fuse will immediately blow, protecting equipment from damage",https://www.cmedistribution.com.my/wp-content/uploads/2026/01/SVC-5651-1.webp|https://www.cmedistribution.com.my/wp-content/uploads/2026/01/SVC-5651-2.webp|https://www.cmedistribution.com.my/wp-content/uploads/2026/01/SVC-5651-3.webp|https://www.cmedistribution.com.my/wp-content/uploads/2026/01/SVC-5651-4.webp|https://www.cmedistribution.com.my/wp-content/uploads/2026/01/SVC-5651-5.webp|https://www.cmedistribution.com.my/wp-content/uploads/2026/01/SVC-5651-6.webp|https://www.cmedistribution.com.my/wp-content/uploads/2026/01/SVC-5651-7.webp|https://www.cmedistribution.com.my/wp-content/uploads/2026/01/SVC-5651-8.webp|https://www.cmedistribution.com.my/wp-content/uploads/2026/01/SVC-5651-9.webp,SKU-VX0DJO,68
MIJING CPU Quick-Repair Glue Remover Knife (5PCS/BOX),10.80,Description MIJING CPU Quick-Repair Glue Remover Knife (5PCS/BOX) 👉DP-24 👉DP-25,https://www.cmedistribution.com.my/wp-content/uploads/2026/01/SVC-5703-4-1.webp|https://www.cmedistribution.com.my/wp-content/uploads/2026/01/SVC-5703-4-2.webp|https://www.cmedistribution.com.my/wp-content/uploads/2026/01/SVC-5703-4-3.webp|https://www.cmedistribution.com.my/wp-content/uploads/2026/01/SVC-5703-4-4.webp|https://www.cmedistribution.com.my/wp-content/uploads/2026/01/SVC-5703-4-5.webp|https://www.cmedistribution.com.my/wp-content/uploads/2026/01/SVC-5703-4-6.webp|https://www.cmedistribution.com.my/wp-content/uploads/2026/01/SVC-5703-4-7.webp,SKU-O3N6S1,47
Phone 13/13Mini/13Pro/13ProMax (128G) NAND Flash Hard Disk IC,48.00,Description Product Specifications and Features: -Phone 13/13Mini/13Pro/13ProMax (128G) NAND Flash Hard Disk IC,https://www.cmedistribution.com.my/wp-content/uploads/2026/01/IP-13-128GB.jpg,SKU-Z1GA3Z,27
Phone 16ProMax LCD JK Soft OLED Full Set (Support Move IC)-120HZ,420.00,Description Product Specifications and Features: -Phone 16ProMax LCD JK Soft OLED Full Set (Support Move IC)-120HZ -Warranty 1 Month -Self Damage Will Be No Warranty,https://www.cmedistribution.com.my/wp-content/uploads/2026/01/IP-16PROMAX-LCD-JK-SOFT-OLED-FS.jpeg,SKU-4FOVCA,39
Phone 17ProMax LCD JK Soft OLED Full Set-120HZ,642.00,Description Product Specifications and Features: -Phone 17ProMax LCD JK Soft OLED Full Set-120HZ -Warranty 1 Month -Self Damage Will Be No Warranty,https://www.cmedistribution.com.my/wp-content/uploads/2026/01/IP-17PROMAX-LCD-JK-SOFT-OLED-FS.jpeg,SKU-L62BSB,50
SUNSHINE Solder Paste Stencil Anti-Explosion Solder Pad (5PCS),9.60,Description SUNSHINE Solder Paste Stencil Anti-Explosion Solder Pad (5PCS),https://www.cmedistribution.com.my/wp-content/uploads/2026/01/SVC-5705-1-scaled.jpeg,SKU-9QFNWK,59
WYLIE LCD Tester Extend Ribbon 17/17AIR/17PRO/17PM,26.40,Description WYLIE LCD Tester Extend Ribbon 17/17AIR/17PRO/17PM,https://www.cmedistribution.com.my/wp-content/uploads/2026/01/SVC-5698-100x100.jpeg|https://www.cmedistribution.com.my/wp-content/uploads/2026/01/SVC-5698-150x150.jpeg|https://www.cmedistribution.com.my/wp-content/uploads/2026/01/SVC-5698-300x300.jpeg|https://www.cmedistribution.com.my/wp-content/uploads/2026/01/SVC-5698-350x350.jpeg|https://www.cmedistribution.com.my/wp-content/uploads/2026/01/SVC-5698.jpeg,SKU-RW9T4V,59
YCS 杨长顺 70 Ultra Zoned Light Source with 144 LEDS Microscope Illuminator,62.40,Description YCS 杨长顺 70 Ultra Zoned Light Source with 144 LEDS Microscope Illuminator,https://www.cmedistribution.com.my/wp-content/uploads/2026/01/SVC-5645.jpg,SKU-1TGL4I,68
MR.YANG Diamond Cover Front Camera Protect (4PCS) X-17PM,13.20,Description MR.YANG Diamond Cover Front Camera Protect (4PCS) X-17PM,https://www.cmedistribution.com.my/wp-content/uploads/2026/01/SVC-5650-1.webp|https://www.cmedistribution.com.my/wp-content/uploads/2026/01/SVC-5650-2.webp|https://www.cmedistribution.com.my/wp-content/uploads/2026/01/SVC-5650-3.webp|https://www.cmedistribution.com.my/wp-content/uploads/2026/01/SVC-5650-4.webp|https://www.cmedistribution.com.my/wp-content/uploads/2026/01/SVC-5650.jpg,SKU-ZBSEQT,35
MR.YANG DT01 Multi-Function Spudger Set for Hard Drive / IC /CPU Removal and Adhesive,36.00,"Description Features: -9-in-1 Versatility: Includes 3Pcs lightweight 9G handles + 6Pcs differently shaped silver blades (flat, curved, star, etc.), tackle diverse repair tasks with one set. -Anti-Slip Grip: Ergonomic handles with textured surfaces ensure a secure hold, even during long repair sessions. -Premium Metal Box: Sleek black metal storage case protects tools from damage and keeps them organized, ideal for on-the-go repairs. -Master Mechanic Design: Engineered by experienced repair experts, optimized for front-line mobile repair (e.g., screen separation, motherboard degumming) -Durable & Resilient: High-toughness blades resist bending and wear, maintaining sharpness for repeated use. -Lightweight & Portable: 9G handles reduce hand fatigue, making it easy to carry and maneuver in tight phone interiors. -Perfect For: Mobile phone screen separation, motherboard adhesive removal, tablet disassembly, and other electronics repair tasks. A must-have for every repair toolkit",https://www.cmedistribution.com.my/wp-content/uploads/2026/01/SVC-5699-1.webp|https://www.cmedistribution.com.my/wp-content/uploads/2026/01/SVC-5699-2.webp|https://www.cmedistribution.com.my/wp-content/uploads/2026/01/SVC-5699-3.webp|https://www.cmedistribution.com.my/wp-content/uploads/2026/01/SVC-5699-4.webp|https://www.cmedistribution.com.my/wp-content/uploads/2026/01/SVC-5699-5.webp|https://www.cmedistribution.com.my/wp-content/uploads/2026/01/SVC-5699-6.webp,SKU-8RG0B9,55
MR.YANG NO.1 Smart Curve Heat Gun Blower Station (with XM-01 Handle Bracket),576.00,"Description Features: -18 Presets One-Touch Activation: Pre-set 6 levels per mode (Curve/Large/Small Chips) for CH1-CH6 channels. Save time with instant recall of optimized settings -HD Color Screen: Real-time display of temperature, airflow, and channel data. Adjust nodes via timeline graphs for precise control -Quick – Swap Nozzle Design: Magnetic handle bracket and dedicated nozzle storage compartment enable effortless nozzle changes mid-repair -Multi-Channel Presets: CH1 – CH6 channels with predefined curves (temperature/time, airflow/time) for repeatable results. -User-Friendly Interface: Intuitive buttons for power, temperature/airflow adjustment, and channel selection. Back button for quick correction. -Expandable Connectivity: External temperature probe port and USB interface for data transfer/software updates.",https://www.cmedistribution.com.my/wp-content/uploads/2026/01/SVC-5646-1.webp|https://www.cmedistribution.com.my/wp-content/uploads/2026/01/SVC-5646-2.webp|https://www.cmedistribution.com.my/wp-content/uploads/2026/01/SVC-5646-3.webp|https://www.cmedistribution.com.my/wp-content/uploads/2026/01/SVC-5646-4.webp|https://www.cmedistribution.com.my/wp-content/uploads/2026/01/SVC-5646-5.webp,SKU-UBUYDJ,11
2UUL DA10 Preheat Puller Station for Phone Repair,216.00,Description 2UUL DA10 Preheat Puller Station for Phone Repair,https://www.cmedistribution.com.my/wp-content/uploads/2025/12/SVC-5643-1.webp|https://www.cmedistribution.com.my/wp-content/uploads/2025/12/SVC-5643-2.webp,SKU-2LT9O7,99
2UUL FD30 MAX Clean Full Size Soldering Tip Cleaning Dock,26.40,Description 2UUL FD30 MAX Clean Full Size Soldering Tip Cleaning Dock,https://www.cmedistribution.com.my/wp-content/uploads/2025/12/SVC-5641-1.webp|https://www.cmedistribution.com.my/wp-content/uploads/2025/12/SVC-5641-2.webp|https://www.cmedistribution.com.my/wp-content/uploads/2025/12/SVC-5641-3.webp|https://www.cmedistribution.com.my/wp-content/uploads/2025/12/SVC-5641-4.webp|https://www.cmedistribution.com.my/wp-content/uploads/2025/12/SVC-5641-5.webp|https://www.cmedistribution.com.my/wp-content/uploads/2025/12/SVC-5641-6.webp,SKU-AAO4NI,59
2UUL SC94 Metal Polish for Cleaning Phone Frames & Shield Covers,7.20,Description 2UUL SC94 Metal Polish for Cleaning Phone Frames & Shield Covers,https://www.cmedistribution.com.my/wp-content/uploads/2025/12/SVC-5642-1.webp|https://www.cmedistribution.com.my/wp-content/uploads/2025/12/SVC-5642-2.webp|https://www.cmedistribution.com.my/wp-content/uploads/2025/12/SVC-5642-3.webp|https://www.cmedistribution.com.my/wp-content/uploads/2025/12/SVC-5642-4.webp|https://www.cmedistribution.com.my/wp-content/uploads/2025/12/SVC-5642-5.webp|https://www.cmedistribution.com.my/wp-content/uploads/2025/12/SVC-5642-6.webp,SKU-Q6070E,91
Honor Magic 4 Pro (ORI Used) Charging Board + Sim Holder,36.00,Description Product Specifications and Features: -Honor Magic 4 Pro (ORI Used) Charging Board + Sim Holder -(HN1LGEUU1),https://www.cmedistribution.com.my/wp-content/uploads/2025/12/HONOR-MAGIC-4-PRO-ORI-CC-BOARD.jpeg,SKU-78YZ68,30
HW Mate 30 LCD ORI Size OLED Full Set,168.00,Description Product Specifications and Features: -HW Mate 30 LCD ORI Size OLED Full Set -Warranty 1 Month -Self Damage Will Be No Warranty,https://www.cmedistribution.com.my/wp-content/uploads/2026/01/HW-MATE-30-LCD-ORI-SIZE-OLED-FS.jpeg,SKU-PVE0BD,94
HW Nova Y72-4G (ORI Used) Charging Board + Sim Holder,26.40,Description Product Specifications and Features: -HW Nova Y72-4G (ORI Used) Charging Board + Sim Holder -(LLDS583),https://www.cmedistribution.com.my/wp-content/uploads/2025/12/HW-NOVA-Y72-4G-ORI-CC-BOARD.jpeg,SKU-SU68EJ,10
Infinix Zero X Pro Ribbon On Off + Volume,3.60,Description Product Specifications and Features: -Infinix Zero X Pro Ribbon On Off + Volume,https://www.cmedistribution.com.my/wp-content/uploads/2026/01/INF-ZERO-X-PRO-RB-OF-100x100.jpeg|https://www.cmedistribution.com.my/wp-content/uploads/2026/01/INF-ZERO-X-PRO-RB-OF-1024x1024.jpeg|https://www.cmedistribution.com.my/wp-content/uploads/2026/01/INF-ZERO-X-PRO-RB-OF-150x150.jpeg|https://www.cmedistribution.com.my/wp-content/uploads/2026/01/INF-ZERO-X-PRO-RB-OF-300x300.jpeg|https://www.cmedistribution.com.my/wp-content/uploads/2026/01/INF-ZERO-X-PRO-RB-OF-350x350.jpeg|https://www.cmedistribution.com.my/wp-content/uploads/2026/01/INF-ZERO-X-PRO-RB-OF-600x600.jpeg|https://www.cmedistribution.com.my/wp-content/uploads/2026/01/INF-ZERO-X-PRO-RB-OF-768x768.jpeg|https://www.cmedistribution.com.my/wp-content/uploads/2026/01/INF-ZERO-X-PRO-RB-OF.jpeg,SKU-PQR18Q,22
LANRUI KS-23 Special Hard Scissors Cutter Pliers,19.20,"Description Features: -Lanrui KS-23 Extra-hard scissor pliers, sharp, strong, resistant to high-frequency quenching, polishing, and rust -The cut is sharp without chipping. It can cut common metals such as cable ties, iron wire, copper wire, and steel wire -Exquisitely forged, hard, and sharp: High-frequency quenching treatment makes the shear sharp, firm, and durable -The shearing of the rebound spring is more convenient: Automatic and rapid rebound improves work efficiency",https://www.cmedistribution.com.my/wp-content/uploads/2025/12/SVC-5640-1.webp|https://www.cmedistribution.com.my/wp-content/uploads/2025/12/SVC-5640-2.webp|https://www.cmedistribution.com.my/wp-content/uploads/2025/12/SVC-5640-3.webp|https://www.cmedistribution.com.my/wp-content/uploads/2025/12/SVC-5640-4.webp|https://www.cmedistribution.com.my/wp-content/uploads/2025/12/SVC-5640-5.webp|https://www.cmedistribution.com.my/wp-content/uploads/2025/12/SVC-5640-6.webp|https://www.cmedistribution.com.my/wp-content/uploads/2025/12/SVC-5640-7.webp,SKU-AK437G,49
Phone 15 LCD ORI Used Resource DIAG Full Set,834.00,Description Product Specifications and Features: -Phone 15 LCD ORI Used Resource DIAG Full Set -Warranty 1 Month -Self Damage Will Be No Warranty,https://www.cmedistribution.com.my/wp-content/uploads/2026/01/IP-15-LCD-ORI-USED-RESOURCE-FS.jpeg,SKU-DGJNHV,8
Phone 17 LCD FOG Full Set,924.00,Description Product Specifications and Features: -Phone 17 LCD FOG Full Set -Warranty 1 Month -Self Damage Will Be No Warranty,https://www.cmedistribution.com.my/wp-content/uploads/2026/01/IP-17-LCD-FOG-FS.jpeg,SKU-W6YDFM,12
Phone 17 LCD ORI NEW Full Set,2100.00,"Description Product Specifications and Features: -Phone 17 LCD ORI NEW Full Set -Warranty 1 Month,(AFTER DIAGNOS NO WARRANTY) -Self Damage Will Be No Warranty",https://www.cmedistribution.com.my/wp-content/uploads/2025/12/IP-17-LCD-ORI-NEW-FS-100x100.jpeg|https://www.cmedistribution.com.my/wp-content/uploads/2025/12/IP-17-LCD-ORI-NEW-FS-1024x1024.jpeg|https://www.cmedistribution.com.my/wp-content/uploads/2025/12/IP-17-LCD-ORI-NEW-FS-150x150.jpeg|https://www.cmedistribution.com.my/wp-content/uploads/2025/12/IP-17-LCD-ORI-NEW-FS-300x300.jpeg|https://www.cmedistribution.com.my/wp-content/uploads/2025/12/IP-17-LCD-ORI-NEW-FS-350x350.jpeg|https://www.cmedistribution.com.my/wp-content/uploads/2025/12/IP-17-LCD-ORI-NEW-FS-600x600.jpeg|https://www.cmedistribution.com.my/wp-content/uploads/2025/12/IP-17-LCD-ORI-NEW-FS-768x768.jpeg|https://www.cmedistribution.com.my/wp-content/uploads/2025/12/IP-17-LCD-ORI-NEW-FS.jpeg,SKU-QT21C8,51
Phone 17Pro LCD ORI NEW Full Set,2220.00,"Description Product Specifications and Features: -Phone 17Pro LCD ORI NEW Full Set -Warranty 1 Month,(AFTER DIAGNOS NO WARRANTY) -Self Damage Will Be No Warranty",https://www.cmedistribution.com.my/wp-content/uploads/2025/12/IP-17PRO-LCD-ORI-NEW-FS-100x100.jpeg|https://www.cmedistribution.com.my/wp-content/uploads/2025/12/IP-17PRO-LCD-ORI-NEW-FS-1024x1024.jpeg|https://www.cmedistribution.com.my/wp-content/uploads/2025/12/IP-17PRO-LCD-ORI-NEW-FS-150x150.jpeg|https://www.cmedistribution.com.my/wp-content/uploads/2025/12/IP-17PRO-LCD-ORI-NEW-FS-300x300.jpeg|https://www.cmedistribution.com.my/wp-content/uploads/2025/12/IP-17PRO-LCD-ORI-NEW-FS-350x350.jpeg|https://www.cmedistribution.com.my/wp-content/uploads/2025/12/IP-17PRO-LCD-ORI-NEW-FS-600x600.jpeg|https://www.cmedistribution.com.my/wp-content/uploads/2025/12/IP-17PRO-LCD-ORI-NEW-FS-768x768.jpeg|https://www.cmedistribution.com.my/wp-content/uploads/2025/12/IP-17PRO-LCD-ORI-NEW-FS.jpeg,SKU-NVSEO3,46
Phone 17Pro LCD SL DD Hard OLED Full Set (Support Move IC),528.00,Description Product Specifications and Features: -Phone 17Pro LCD SL DD Hard OLED Full Set (Support Move IC) -Warranty 1 Month -Self Damage Will Be No Warranty,https://www.cmedistribution.com.my/wp-content/uploads/2025/12/IP-17PRO-LCD-SL-DD-HARD-OLED-FS.jpeg,SKU-CBV731,9
Phone 17ProMax LCD ORI NEW Full Set,2340.00,"Description Product Specifications and Features: -Phone 17ProMax LCD ORI NEW Full Set -Warranty 1 Month,(AFTER DIAGNOS NO WARRANTY) -Self Damage Will Be No Warranty",https://www.cmedistribution.com.my/wp-content/uploads/2025/12/IP-17PM-LCD-ORI-NEW-FS.jpeg,SKU-T3VQIM,78
SM A56-5G SM-A566 LCD ORI Size OLED Full Set + Frame,160.80,Description Product Specifications and Features: -SM A56-5G SM-A566 LCD ORI Size OLED Full Set + Frame -Warranty 1 Month -Self Damage Will Be No Warranty,https://www.cmedistribution.com.my/wp-content/uploads/2026/01/SM-A56-5G-LCD-ORI-SIZE-OLED-FS-FRM.jpeg,SKU-OX8KIY,37
SM Galaxy Tab S7 Fe T730/T733/T736 (ORI Used) Charging Board,45.60,Description Product Specifications and Features: -SM Galaxy Tab S7 Fe T730/T733/T736 (ORI Used) Charging Board,https://www.cmedistribution.com.my/wp-content/uploads/2026/01/SM-T730-ORI-CC-BOARD-100x100.jpeg|https://www.cmedistribution.com.my/wp-content/uploads/2026/01/SM-T730-ORI-CC-BOARD-1024x1024.jpeg|https://www.cmedistribution.com.my/wp-content/uploads/2026/01/SM-T730-ORI-CC-BOARD-150x150.jpeg|https://www.cmedistribution.com.my/wp-content/uploads/2026/01/SM-T730-ORI-CC-BOARD-300x300.jpeg|https://www.cmedistribution.com.my/wp-content/uploads/2026/01/SM-T730-ORI-CC-BOARD-350x350.jpeg|https://www.cmedistribution.com.my/wp-content/uploads/2026/01/SM-T730-ORI-CC-BOARD-600x600.jpeg|https://www.cmedistribution.com.my/wp-content/uploads/2026/01/SM-T730-ORI-CC-BOARD-768x768.jpeg|https://www.cmedistribution.com.my/wp-content/uploads/2026/01/SM-T730-ORI-CC-BOARD.jpeg,SKU-9NHUR1,8
Vivo V27-5G V2231/Y78-5G/Y78Plus-5G/S16-5G/V29E-5G/V29 Lite-5G LCD OLED Full Set,162.00,Description Product Specifications and Features: -Vivo V27-5G V2231/Y78-5G/Y78Plus-5G/S16-5G/V29E-5G/V29 Lite-5G LCD OLED Full Set -Warranty 1 Month -Self Damage Will Be No Warranty,https://www.cmedistribution.com.my/wp-content/uploads/2026/01/VIVO-V27-LCD-OLED-FS-100x100.jpeg|https://www.cmedistribution.com.my/wp-content/uploads/2026/01/VIVO-V27-LCD-OLED-FS-1024x1024.jpeg|https://www.cmedistribution.com.my/wp-content/uploads/2026/01/VIVO-V27-LCD-OLED-FS-150x150.jpeg|https://www.cmedistribution.com.my/wp-content/uploads/2026/01/VIVO-V27-LCD-OLED-FS-300x300.jpeg|https://www.cmedistribution.com.my/wp-content/uploads/2026/01/VIVO-V27-LCD-OLED-FS-350x350.jpeg|https://www.cmedistribution.com.my/wp-content/uploads/2026/01/VIVO-V27-LCD-OLED-FS-600x600.jpeg|https://www.cmedistribution.com.my/wp-content/uploads/2026/01/VIVO-V27-LCD-OLED-FS-768x768.jpeg|https://www.cmedistribution.com.my/wp-content/uploads/2026/01/VIVO-V27-LCD-OLED-FS.jpeg,SKU-FIMIN6,78
Vivo X50-5G LCD Frame,19.20,Description Product Specifications and Features: -Vivo X50-5G LCD Frame -(NO WARRANTY),https://www.cmedistribution.com.my/wp-content/uploads/2026/01/VIVO-X50-LCD-FRAME.jpeg,SKU-GJ8ML2,40
Xiaomi Pad 7 Ribbon UI For LCD,14.40,Description Product Specifications and Features: -Xiaomi Pad 7 Ribbon UI For LCD -(135400082M0A3),https://www.cmedistribution.com.my/wp-content/uploads/2026/01/XIAOMI-PAD-7-RB-LCD.jpeg,SKU-PXE0JA,39
YCS 杨长顺 Test Frame Middle Layer Testing Jig – 17 Series,1122.00,Description YCS 杨长顺 Test Frame Middle Layer Testing Jig – 17 Series,https://www.cmedistribution.com.my/wp-content/uploads/2026/01/SVC-5644.jpeg,SKU-0H3UY2,5
鲁斑 LB-RB ORI Front Camera Empty FPC Cable (Solder Type),30.00,Description 鲁斑 LB-RB ORI Front Camera Empty FPC Cable (Solder Type)(FOR ORI MOVE CAMERA) 👉14 👉14PLUS 👉14PRO 👉14PM 👉15 👉15PLUS 👉15PRO 👉15PM 👉16 👉16PLUS 👉16PRO 👉16PM,https://www.cmedistribution.com.my/wp-content/uploads/2025/12/SVC-5617-28.jpg,SKU-MZS2IH,87
18KINDS Exploration Edition Phone (9IN1) FPC Flex Power Line Supply Cable 8-17PM,43.20,"Description Features: -Power-on probe design eliminates the need for tweezers, making repairs more convenient. Innovative probe design engineered specifically for smartphone repairs -4mm banana plugs feature integrated injection molding construction, tested over 5,000 times. Withstands aggressive plugging/unplugging without loosening, compatible with over 95% of power adapters on the market -Compatible Models: 8G/8P/X/XR/XS/XS Max/11/11 Pro/11 Pro Max/12/12 Mini/12 Pro/12 Pro Max/13/13 Mini/ 13 Pro/13 Pro Max/14/14 Plus/14 Pro/14 Pro Max/15/15 Plus/15 Pro/15 Pro Max/16/16 Plus/16 Pro/16 Pro Max/17/17 Air/17 Pro/17 Pro Max -Features high-precision OEM-grade connectors with superior male-female compatibility for enhanced stability and durability during repairs, minimizing repair risks -Flexible and squeezable design allows for easy coiling and compact storage, making it convenient and practical to carry -Features thickened copper wire cores with ultra-low resistance for more accurate data detection. Made with genuine materials, the multi-strand winding core ensures flexibility while maintaining a thickened core",https://www.cmedistribution.com.my/wp-content/uploads/2025/12/SVC-5616-1.webp|https://www.cmedistribution.com.my/wp-content/uploads/2025/12/SVC-5616-2.webp|https://www.cmedistribution.com.my/wp-content/uploads/2025/12/SVC-5616-3.webp|https://www.cmedistribution.com.my/wp-content/uploads/2025/12/SVC-5616-4.webp|https://www.cmedistribution.com.my/wp-content/uploads/2025/12/SVC-5616-5.webp|https://www.cmedistribution.com.my/wp-content/uploads/2025/12/SVC-5616-6.webp|https://www.cmedistribution.com.my/wp-content/uploads/2025/12/SVC-5616-7.webp,SKU-PGVXQZ,60
2UUL DA07 Mini Heating Press Station,222.00,"Description Features: -Supporting Frame Hot Pressing/Back Cover Hot Pressing/Mobile Phone Hot Pressing/Air Tightness Restorationg -Camera avoidance design/Phone back cover heating/Phone stand hot pressing/Full phone heating -Bidirectional Dynamic Holding Pressure: Supports bidirectional dynamic holding pressure, freely switch between front and back pressure modes, suitable for phone screen bonding and frame reinforcement -Digital Temperature Display, Fast Heating: Adjustable temperature up to a maximum of 80°C, fast heating, and precise temperature control -Camera Avoidance Design, Even Pressure: Comes with camera avoidance design on the top and bottom. Choose the proper position when using -Thickened Pressure Pad, Strong Compatibility: Camera cutout design, suitable for most Android/Phone models on the market -Multi-function hot pressing: Supports full phone and stand hot pressing -Multi-Purpose maintenance heating: Upper heating + camera cutout design, suitable for phone back cover heating",https://www.cmedistribution.com.my/wp-content/uploads/2025/12/SVC-5632-1.webp|https://www.cmedistribution.com.my/wp-content/uploads/2025/12/SVC-5632-2.webp|https://www.cmedistribution.com.my/wp-content/uploads/2025/12/SVC-5632-3.webp|https://www.cmedistribution.com.my/wp-content/uploads/2025/12/SVC-5632-4.webp|https://www.cmedistribution.com.my/wp-content/uploads/2025/12/SVC-5632-5.webp|https://www.cmedistribution.com.my/wp-content/uploads/2025/12/SVC-5632-6.webp,SKU-1JJ4B9,95
2UUL DA33 No-Damage Blue Light Film Camera Lens Protective Sticker 500PCS/BOX,13.20,Description 2UUL DA33 No-Damage Blue Light Film Camera Lens Protective Sticker 500PCS/BOX,https://www.cmedistribution.com.my/wp-content/uploads/2025/12/SVC-5633-1.webp|https://www.cmedistribution.com.my/wp-content/uploads/2025/12/SVC-5633-2.webp|https://www.cmedistribution.com.my/wp-content/uploads/2025/12/SVC-5633-3.webp|https://www.cmedistribution.com.my/wp-content/uploads/2025/12/SVC-5633-4.webp|https://www.cmedistribution.com.my/wp-content/uploads/2025/12/SVC-5633-5.webp|https://www.cmedistribution.com.my/wp-content/uploads/2025/12/SVC-5633-6.webp,SKU-UIR102,77
2UUL DA97 Cuul Fan Pro Turbo Fan for Repair,82.80,"Description Features: Rapid Cooling: Quickly lowers temperatures during device repair. Vacuum Cleaning: Powerful suction to remove dust and debris Drying: Efficiently dries surfaces after cleaning or liquid exposure Adjustable Settings: Cycle through P0 to P2 speed modes with a single click LED Light: Double-click the power button to activate after turning on High Performance Design Wind Speed: Optimized for repair tasks, Max 130,000 RPM Portable & Ergonomic, Rotatable nozzle for flexible use",https://www.cmedistribution.com.my/wp-content/uploads/2025/12/SVC-5635-1.webp|https://www.cmedistribution.com.my/wp-content/uploads/2025/12/SVC-5635-2.webp|https://www.cmedistribution.com.my/wp-content/uploads/2025/12/SVC-5635-3.webp|https://www.cmedistribution.com.my/wp-content/uploads/2025/12/SVC-5635-4.webp|https://www.cmedistribution.com.my/wp-content/uploads/2025/12/SVC-5635-5.webp|https://www.cmedistribution.com.my/wp-content/uploads/2025/12/SVC-5635-6.webp,SKU-K9C6DI,89
2UUL SC22 Sparescrew12 Screws for Phone Repair (330PCS/PACK),36.00,Description 2UUL SC22 Sparescrew12 Screws for Phone Repair (330PCS/PACK),https://www.cmedistribution.com.my/wp-content/uploads/2025/12/SVC-5634-1.webp|https://www.cmedistribution.com.my/wp-content/uploads/2025/12/SVC-5634-2.webp|https://www.cmedistribution.com.my/wp-content/uploads/2025/12/SVC-5634-3.webp|https://www.cmedistribution.com.my/wp-content/uploads/2025/12/SVC-5634-4.webp|https://www.cmedistribution.com.my/wp-content/uploads/2025/12/SVC-5634-5.webp|https://www.cmedistribution.com.my/wp-content/uploads/2025/12/SVC-5634-6.webp,SKU-4GM5M3,30
2UUL SD90 Stripped Screw Extractor Drill Set,16.80,Description 2UUL SD90 Stripped Screw Extractor Drill Set,https://www.cmedistribution.com.my/wp-content/uploads/2025/12/SVC-5631-1.webp|https://www.cmedistribution.com.my/wp-content/uploads/2025/12/SVC-5631-2.webp|https://www.cmedistribution.com.my/wp-content/uploads/2025/12/SVC-5631-3.webp|https://www.cmedistribution.com.my/wp-content/uploads/2025/12/SVC-5631-4.webp|https://www.cmedistribution.com.my/wp-content/uploads/2025/12/SVC-5631-5.webp|https://www.cmedistribution.com.my/wp-content/uploads/2025/12/SVC-5631-6.webp,SKU-T38L4J,41
AMAOE BGA STENCILS U-APU5 AP-CPU+RAM A6 A7 A8 A9,19.20,Description AMAOE BGA STENCILS U-APU5 AP-CPU+RAM A6 A7 A8 A9,https://www.cmedistribution.com.my/wp-content/uploads/2025/12/SVC-5639.jpg,SKU-CKP4ZX,82
AMAOE BGA STENCILS U-APU7 AP-CPU A10 A11 A12 A13 A14 A15 A16 A17,19.20,Description AMAOE BGA STENCILS U-APU7 AP-CPU A10 A11 A12 A13 A14 A15 A16 A17,https://www.cmedistribution.com.my/wp-content/uploads/2025/12/SVC-5637.jpg,SKU-5RJZD0,35
AMAOE BGA STENCILS U-APU8 AP-CPU A10 A11 A12 A13 A14 A15 A16 A17,19.20,Description AMAOE BGA STENCILS U-APU8 AP-CPU A10 A11 A12 A13 A14 A15 A16 A17,https://www.cmedistribution.com.my/wp-content/uploads/2025/12/SVC-5636.jpg,SKU-236Q6K,31
AMAOE BGA STENCILS U-APU9 AP-CPU+RAM A16 A17 A18 A18PRO,19.20,Description AMAOE BGA STENCILS U-APU9 AP-CPU+RAM A16 A17 A18 A18PRO,https://www.cmedistribution.com.my/wp-content/uploads/2025/12/SVC-5638.jpg,SKU-IR30ZT,34
"AMAOE BGA STENCILS U-QSD8 Qualcomm 680/775G/778G,SM7450/6225/7350/7315/7325",19.20,"Description AMAOE BGA STENCILS U-QSD8 Qualcomm 680/775G/778G,SM7450/6225/7350/7315/7325",https://www.cmedistribution.com.my/wp-content/uploads/2025/12/SVC-5630.jpg,SKU-WCHXKL,59
Asus Rog 6 On Board LCD Connector (22*22PIN) (44PIN),3.60,Description Product Specifications and Features: -Asus Rog 6 On Board LCD Connector (22*22PIN) (44PIN),https://www.cmedistribution.com.my/wp-content/uploads/2025/12/ASUS-ROG-6-CON-LCD.jpeg,SKU-T6QX4E,22
HAOYI TOOL C210 Soldering Tips,14.40,Description 👉210-001 (BALL) 👉210-031(HORSE HOOF),https://www.cmedistribution.com.my/wp-content/uploads/2025/12/SVC-5614-5-100x100.jpeg|https://www.cmedistribution.com.my/wp-content/uploads/2025/12/SVC-5614-5-150x150.jpeg|https://www.cmedistribution.com.my/wp-content/uploads/2025/12/SVC-5614-5-300x300.jpeg|https://www.cmedistribution.com.my/wp-content/uploads/2025/12/SVC-5614-5-350x350.jpeg|https://www.cmedistribution.com.my/wp-content/uploads/2025/12/SVC-5614-5.jpeg,SKU-L7HWP7,81
Honor Magic 4 Pro Ribbon UI For Charging,9.60,Description Product Specifications and Features: -Honor Magic 4 Pro Ribbon UI For Charging -(HN1LGEFL VER.A),https://www.cmedistribution.com.my/wp-content/uploads/2025/12/HONOR-MAGIC-4-PRO-RB-UI-CG-100x100.jpeg|https://www.cmedistribution.com.my/wp-content/uploads/2025/12/HONOR-MAGIC-4-PRO-RB-UI-CG-1024x1024.jpeg|https://www.cmedistribution.com.my/wp-content/uploads/2025/12/HONOR-MAGIC-4-PRO-RB-UI-CG-150x150.jpeg|https://www.cmedistribution.com.my/wp-content/uploads/2025/12/HONOR-MAGIC-4-PRO-RB-UI-CG-300x300.jpeg|https://www.cmedistribution.com.my/wp-content/uploads/2025/12/HONOR-MAGIC-4-PRO-RB-UI-CG-350x350.jpeg|https://www.cmedistribution.com.my/wp-content/uploads/2025/12/HONOR-MAGIC-4-PRO-RB-UI-CG-600x600.jpeg|https://www.cmedistribution.com.my/wp-content/uploads/2025/12/HONOR-MAGIC-4-PRO-RB-UI-CG-768x768.jpeg|https://www.cmedistribution.com.my/wp-content/uploads/2025/12/HONOR-MAGIC-4-PRO-RB-UI-CG.jpeg,SKU-ORCZU0,77
JCID-RB JCID-16 Front Camera Tag-On Repair FPC (Plug and Play),102.00,Description JCID-RB JCID-16 Front Camera Tag-On Repair FPC (Plug and Play),https://www.cmedistribution.com.my/wp-content/uploads/2025/12/SVC-5612.webp,SKU-AOA2YL,14
JCID-RB JCID-16PLUS Front Camera Tag-On Repair FPC (Plug and Play),102.00,Description JCID-RB JCID-16PLUS Front Camera Tag-On Repair FPC (Plug and Play),https://www.cmedistribution.com.my/wp-content/uploads/2025/12/SVC-5613.webp,SKU-SAHGC6,53
Phone 7 Plus Charging Flex Ribbon,19.20,Description Product Specifications and Features: -Phone 7 Plus Charging Flex Ribbon,https://www.cmedistribution.com.my/wp-content/uploads/2025/12/IP-7P.jpg,SKU-FG3TLX,62
YCS 杨长顺 DB02 Multi-Function Spudger Set for Hard Drive / IC / CPU Removal and Adhesive Stripping,36.00,"Description Features: -9-in-1 Versatility: Includes 3Pcs lightweight 9G handles + 6Pcs differently shaped silver blades (flat, curved, star, etc.), tackle diverse repair tasks with one set. -Anti-Slip Grip: Ergonomic handles with textured surfaces ensure a secure hold, even during long repair sessions. -Premium Metal Box: Sleek black metal storage case protects tools from damage and keeps them organized, ideal for on-the-go repairs. -Master Mechanic Design: Engineered by experienced repair experts, optimized for front-line mobile repair (e.g., screen separation, motherboard degumming) -Durable & Resilient: High-toughness blades resist bending and wear, maintaining sharpness for repeated use. -Lightweight & Portable: 9G handles reduce hand fatigue, making it easy to carry and maneuver in tight phone interiors. -Perfect For: Mobile phone screen separation, motherboard adhesive removal, tablet disassembly, and other electronics repair tasks. A must-have for every repair toolkit",https://www.cmedistribution.com.my/wp-content/uploads/2025/12/SVC-5611-1.webp|https://www.cmedistribution.com.my/wp-content/uploads/2025/12/SVC-5611-2.webp|https://www.cmedistribution.com.my/wp-content/uploads/2025/12/SVC-5611-3.webp|https://www.cmedistribution.com.my/wp-content/uploads/2025/12/SVC-5611-4.webp|https://www.cmedistribution.com.my/wp-content/uploads/2025/12/SVC-5611-5.webp|https://www.cmedistribution.com.my/wp-content/uploads/2025/12/SVC-5611-6.webp,SKU-VM9Y06,56
YOUYUE 8586 2 in 1 Soldering Station,192.00,Description YOUYUE 8586 2 in 1 Soldering Station,https://www.cmedistribution.com.my/wp-content/uploads/2025/12/SVC-5629-100x100.jpeg|https://www.cmedistribution.com.my/wp-content/uploads/2025/12/SVC-5629-150x150.jpeg|https://www.cmedistribution.com.my/wp-content/uploads/2025/12/SVC-5629-300x300.jpeg|https://www.cmedistribution.com.my/wp-content/uploads/2025/12/SVC-5629-350x350.jpeg|https://www.cmedistribution.com.my/wp-content/uploads/2025/12/SVC-5629.jpeg,SKU-A458Z0,61
Asus Rog 5 ZS673KS Ribbon Flex Layer Board (NO.3),12.00,Description Product Specifications and Features: -Asus Rog 5 ZS673KS Ribbon Flex Layer Board (NO.3),https://www.cmedistribution.com.my/wp-content/uploads/2025/12/ASUS-ROG-5-RB-LAYER-BOARD-NO3-100x100.jpeg|https://www.cmedistribution.com.my/wp-content/uploads/2025/12/ASUS-ROG-5-RB-LAYER-BOARD-NO3-1024x1024.jpeg|https://www.cmedistribution.com.my/wp-content/uploads/2025/12/ASUS-ROG-5-RB-LAYER-BOARD-NO3-150x150.jpeg|https://www.cmedistribution.com.my/wp-content/uploads/2025/12/ASUS-ROG-5-RB-LAYER-BOARD-NO3-300x300.jpeg|https://www.cmedistribution.com.my/wp-content/uploads/2025/12/ASUS-ROG-5-RB-LAYER-BOARD-NO3-350x350.jpeg|https://www.cmedistribution.com.my/wp-content/uploads/2025/12/ASUS-ROG-5-RB-LAYER-BOARD-NO3-600x600.jpeg|https://www.cmedistribution.com.my/wp-content/uploads/2025/12/ASUS-ROG-5-RB-LAYER-BOARD-NO3-768x768.jpeg|https://www.cmedistribution.com.my/wp-content/uploads/2025/12/ASUS-ROG-5-RB-LAYER-BOARD-NO3.jpeg,SKU-ZA9495,26
Charging IC 1733X22,10.80,Description Product Specifications and Features: -Charging IC 1733X22,https://www.cmedistribution.com.my/wp-content/uploads/2025/12/CHARGING-IC-1733X22.jpeg,SKU-HEVK26,99
Honor Play 10-4G LCD ORI Full Set,48.00,Description Product Specifications and Features: -Honor Play 10-4G LCD ORI Full Set -Warranty 1 Month -Self Damage Will Be No Warranty,https://www.cmedistribution.com.my/wp-content/uploads/2025/12/HONOR-PLAY-10-4G-LCD-ORI-FS.jpeg,SKU-H9B49Y,13
Honor X9D-5G Camera Lens,9.60,Description Product Specifications and Features: -Honor X9D-5G Camera Lens,https://www.cmedistribution.com.my/wp-content/uploads/2025/12/HONOR-X9D-CAM-LENS.jpeg,SKU-7L5BRJ,36
PA IC 9902-11,6.00,Description Product Specifications and Features: -PA IC 9902-11,https://www.cmedistribution.com.my/wp-content/uploads/2025/12/PA-IC-9902-11-100x100.jpeg|https://www.cmedistribution.com.my/wp-content/uploads/2025/12/PA-IC-9902-11-1024x1024.jpeg|https://www.cmedistribution.com.my/wp-content/uploads/2025/12/PA-IC-9902-11-150x150.jpeg|https://www.cmedistribution.com.my/wp-content/uploads/2025/12/PA-IC-9902-11-300x300.jpeg|https://www.cmedistribution.com.my/wp-content/uploads/2025/12/PA-IC-9902-11-350x350.jpeg|https://www.cmedistribution.com.my/wp-content/uploads/2025/12/PA-IC-9902-11-600x600.jpeg|https://www.cmedistribution.com.my/wp-content/uploads/2025/12/PA-IC-9902-11-768x768.jpeg|https://www.cmedistribution.com.my/wp-content/uploads/2025/12/PA-IC-9902-11.jpeg,SKU-MTM9YY,42
Realme 15-5G Ribbon On Off + Volume,3.60,Description Product Specifications and Features: -Realme 15-5G Ribbon On Off + Volume -(KJOPRM15-5G(P2)),https://www.cmedistribution.com.my/wp-content/uploads/2025/12/REALME-15-5G-RB-OF.jpeg,SKU-9CM07C,80
Realme 15 Pro-5G Ribbon UI For Charging,9.60,Description Product Specifications and Features: -Realme 15 Pro-5G Ribbon UI For Charging -(LJOPRMP4P-5G(P2)),https://www.cmedistribution.com.my/wp-content/uploads/2025/12/REALME-15-PRO-RB-UI-CG.jpeg,SKU-EDW20G,9
Realme Pad 2 RMP2204 Ribbon UI For LCD,12.00,Description Product Specifications and Features: -Realme Pad 2 RMP2204 Ribbon UI For LCD -(ZR-36395),https://www.cmedistribution.com.my/wp-content/uploads/2025/12/REALME-PAD-2-RB-LCD.jpeg,SKU-G1KBTS,79
SM A15-4G A155 Ribbon Fingerprint + On Off Button Switch,19.20,Description Product Specifications and Features: -SM A15-4G A155 Ribbon Fingerprint + On Off Button Switch,https://www.cmedistribution.com.my/wp-content/uploads/2025/12/SAM-A15-4G-RB-FINGER-100x100.jpeg|https://www.cmedistribution.com.my/wp-content/uploads/2025/12/SAM-A15-4G-RB-FINGER-1024x1024.jpeg|https://www.cmedistribution.com.my/wp-content/uploads/2025/12/SAM-A15-4G-RB-FINGER-150x150.jpeg|https://www.cmedistribution.com.my/wp-content/uploads/2025/12/SAM-A15-4G-RB-FINGER-300x300.jpeg|https://www.cmedistribution.com.my/wp-content/uploads/2025/12/SAM-A15-4G-RB-FINGER-350x350.jpeg|https://www.cmedistribution.com.my/wp-content/uploads/2025/12/SAM-A15-4G-RB-FINGER-600x600.jpeg|https://www.cmedistribution.com.my/wp-content/uploads/2025/12/SAM-A15-4G-RB-FINGER-768x768.jpeg|https://www.cmedistribution.com.my/wp-content/uploads/2025/12/SAM-A15-4G-RB-FINGER.jpeg,SKU-FFZSZJ,76
SM S23-5G Ribbon Wireless Charging,19.20,Description Product Specifications and Features: -SM S23-5G Ribbon Wireless Charging -(F037 R07),https://www.cmedistribution.com.my/wp-content/uploads/2025/12/SAM-S23-RB-WIRELESS-CC.jpeg,SKU-E8Q3WQ,18
SM S23 Plus-5G Ribbon Wireless Charging + NFC (1SET 2PCS),19.20,Description Product Specifications and Features: -SM S23 Plus-5G Ribbon Wireless Charging + NFC (1SET 2PCS),https://www.cmedistribution.com.my/wp-content/uploads/2025/12/SAM-S23-PLUS-RB-WIRELESS-CC.jpeg,SKU-ZPRWGQ,1
SM S23 Ultra-5G Ribbon Wireless Charging + NFC (1SET 2PCS),19.20,Description Product Specifications and Features: -SM S23 Ultra-5G Ribbon Wireless Charging + NFC (1SET 2PCS) -(DM3 AM5R),https://www.cmedistribution.com.my/wp-content/uploads/2025/12/SAM-S23-ULTRA-RB-WIRELESS-CC.jpeg,SKU-2TIPKM,65
SM S24-5G Ribbon Wireless Charging,33.60,Description Product Specifications and Features: -SM S24-5G Ribbon Wireless Charging,https://www.cmedistribution.com.my/wp-content/uploads/2025/12/SAM-S24-RB-WIRELESS-CC.jpeg,SKU-DOM7E1,84
SM S24 Plus-5G Ribbon Wireless Charging,33.60,Description Product Specifications and Features: -SM S24 Plus-5G Ribbon Wireless Charging,https://www.cmedistribution.com.my/wp-content/uploads/2025/12/SAM-S24-RB-WIRELESS-CC.jpeg,SKU-XA63VZ,20
SM S24 Ultra-5G Ribbon Wireless Charging,26.40,Description Product Specifications and Features: -SM S24 Ultra-5G Ribbon Wireless Charging -(E3 R07),https://www.cmedistribution.com.my/wp-content/uploads/2025/12/SAM-S24-ULTRA-RB-WIRELESS-CC.jpeg,SKU-NAIG8O,65
SM S25-5G Ribbon Wireless Charging,60.00,Description Product Specifications and Features: -SM S25-5G Ribbon Wireless Charging -(PA1 DXGA),https://www.cmedistribution.com.my/wp-content/uploads/2025/12/SAM-S25-RB-WIRELESS-CC.jpeg,SKU-S20EB7,92
SM S25 Plus-5G Ribbon Wireless Charging,84.00,Description Product Specifications and Features: -SM S25 Plus-5G Ribbon Wireless Charging,https://www.cmedistribution.com.my/wp-content/uploads/2025/12/SAM-S25-PLUS-RB-WIRELESS-CC.jpeg,SKU-O0CTEI,70
SM S25 Ultra-5G Ribbon Wireless Charging,84.00,Description Product Specifications and Features: -SM S25 Ultra-5G Ribbon Wireless Charging -(PA3R06A),https://www.cmedistribution.com.my/wp-content/uploads/2025/12/SAM-S25-ULTRA-RB-WIRELESS-CC.jpeg,SKU-LM4EBL,74
XZZ-Middle Board Layer Testing JIG – XZZ 17 Series (4 in 1),834.00,Description XZZ-Middle Board Layer Testing JIG – XZZ 17 Series (4 in 1),https://www.cmedistribution.com.my/wp-content/uploads/2025/12/SVC-5610-1.webp|https://www.cmedistribution.com.my/wp-content/uploads/2025/12/SVC-5610-2.webp|https://www.cmedistribution.com.my/wp-content/uploads/2025/12/SVC-5610-3.webp|https://www.cmedistribution.com.my/wp-content/uploads/2025/12/SVC-5610-4.webp|https://www.cmedistribution.com.my/wp-content/uploads/2025/12/SVC-5610-5.webp|https://www.cmedistribution.com.my/wp-content/uploads/2025/12/SVC-5610-6.webp|https://www.cmedistribution.com.my/wp-content/uploads/2025/12/SVC-5610-7.webp,SKU-LPIOX6,64
YCS 杨长顺 Divine Dragon UV Fan 2-IN-1,45.60,"Description Features: -3W power for curing and cooling, no waiting required for phone repair -Selected heat-dissipating lamp beads for greater durability, 3W power enables rapid curing, curing/cooling, one-button switch, with LED light indication -1W fan speed, rapid cooling in 3 seconds, cooling at the front,air intake at the back -One-button switch, convenient and quick/LED display, LED light indication/Significant cooling effect, rapid temperature reduction",https://www.cmedistribution.com.my/wp-content/uploads/2025/12/SVC-5609-1.webp|https://www.cmedistribution.com.my/wp-content/uploads/2025/12/SVC-5609-2.webp|https://www.cmedistribution.com.my/wp-content/uploads/2025/12/SVC-5609-3.webp|https://www.cmedistribution.com.my/wp-content/uploads/2025/12/SVC-5609-4.webp|https://www.cmedistribution.com.my/wp-content/uploads/2025/12/SVC-5609-5.webp|https://www.cmedistribution.com.my/wp-content/uploads/2025/12/SVC-5609-6.webp,SKU-6MRW4J,5
Google Pixel 8 LCD OLED Full Set,210.00,Description Product Specifications and Features: -Google Pixel 8 LCD OLED Full Set -Warranty 1 Month -Self Damage Will Be No Warranty,https://www.cmedistribution.com.my/wp-content/uploads/2025/12/GOOGLE-PIXEL-8-LCD-OLED-FS-100x100.jpeg|https://www.cmedistribution.com.my/wp-content/uploads/2025/12/GOOGLE-PIXEL-8-LCD-OLED-FS-1024x1024.jpeg|https://www.cmedistribution.com.my/wp-content/uploads/2025/12/GOOGLE-PIXEL-8-LCD-OLED-FS-150x150.jpeg|https://www.cmedistribution.com.my/wp-content/uploads/2025/12/GOOGLE-PIXEL-8-LCD-OLED-FS-300x300.jpeg|https://www.cmedistribution.com.my/wp-content/uploads/2025/12/GOOGLE-PIXEL-8-LCD-OLED-FS-350x350.jpeg|https://www.cmedistribution.com.my/wp-content/uploads/2025/12/GOOGLE-PIXEL-8-LCD-OLED-FS-600x600.jpeg|https://www.cmedistribution.com.my/wp-content/uploads/2025/12/GOOGLE-PIXEL-8-LCD-OLED-FS-768x768.jpeg|https://www.cmedistribution.com.my/wp-content/uploads/2025/12/GOOGLE-PIXEL-8-LCD-OLED-FS.jpeg,SKU-KY1XPR,61
Honor X8B Rear Camera (1SET 3PCS),50.40,Description Product Specifications and Features: -Honor X8B Rear Camera (1SET 3PCS),https://www.cmedistribution.com.my/wp-content/uploads/2025/12/HONOR-X8B-REAR-CAM-FS.jpeg,SKU-5KYFYD,41
Phone 12ProMax LCD SL DD Diagnosable Hard OLED Full Set,294.00,Description Product Specifications and Features: -Phone 12ProMax LCD SL DD Diagnosable Hard OLED Full Set -Warranty 1 Month -Self Damage Will Be No Warranty,https://www.cmedistribution.com.my/wp-content/uploads/2025/12/IP-12PROMAX-LCD-SL-DD-DIAG-OLED-FS.jpeg,SKU-7OACGK,22
Phone 16Pro LCD JCID Diagnosable OLED Full Set,1068.00,Description Product Specifications and Features: -Phone 16Pro LCD JCID Diagnosable OLED Full Set -Warranty 1 Month -Self Damage Will Be No Warranty,https://www.cmedistribution.com.my/wp-content/uploads/2025/12/IP-16PRO-LCD-JCID-DIAG-OLED-FS.jpeg,SKU-F2KYE1,76
Phone 16ProMax LCD JCID Diagnosable OLED Full Set,1116.00,Description Product Specifications and Features: -Phone 16ProMax LCD JCID Diagnosable OLED Full Set -Warranty 1 Month -Self Damage Will Be No Warranty,https://www.cmedistribution.com.my/wp-content/uploads/2025/12/IP-16PROMAX-LCD-JCID-DIAG-OLED-FS.jpeg,SKU-9U1RCI,38
Realme 15-5G (AA) Charging Board + Sim Holder,16.80,Description Product Specifications and Features: -Realme 15-5G (AA) Charging Board + Sim Holder -(WCOPRM15-5G),https://www.cmedistribution.com.my/wp-content/uploads/2025/12/REALME-15-5G-AA-CC-BOARD.jpeg,SKU-JV83L9,97
Realme 15 Pro-5G (AA) Charging Board + Sim Holder,16.80,Description Product Specifications and Features: -Realme 15 Pro-5G (AA) Charging Board + Sim Holder -(WCOPRMP4P-5G),https://www.cmedistribution.com.my/wp-content/uploads/2025/12/REALME-15-PRO-5G-AA-CC-BOARD-100x100.jpeg|https://www.cmedistribution.com.my/wp-content/uploads/2025/12/REALME-15-PRO-5G-AA-CC-BOARD-1024x1024.jpeg|https://www.cmedistribution.com.my/wp-content/uploads/2025/12/REALME-15-PRO-5G-AA-CC-BOARD-150x150.jpeg|https://www.cmedistribution.com.my/wp-content/uploads/2025/12/REALME-15-PRO-5G-AA-CC-BOARD-300x300.jpeg|https://www.cmedistribution.com.my/wp-content/uploads/2025/12/REALME-15-PRO-5G-AA-CC-BOARD-350x350.jpeg|https://www.cmedistribution.com.my/wp-content/uploads/2025/12/REALME-15-PRO-5G-AA-CC-BOARD-600x600.jpeg|https://www.cmedistribution.com.my/wp-content/uploads/2025/12/REALME-15-PRO-5G-AA-CC-BOARD-768x768.jpeg|https://www.cmedistribution.com.my/wp-content/uploads/2025/12/REALME-15-PRO-5G-AA-CC-BOARD.jpeg,SKU-NHJP5Z,93
Realme 15 Pro-5G Ribbon On Off + Volume,3.60,Description Product Specifications and Features: -Realme 15 Pro-5G Ribbon On Off + Volume -(KJOPRMP4P-5G(P2)),https://www.cmedistribution.com.my/wp-content/uploads/2025/12/REALME-15T-RB-OF.jpeg,SKU-9B12DV,77
Realme 15T-5G (AA) Charging Board + Sim Holder,16.80,Description Product Specifications and Features: -Realme 15T-5G (AA) Charging Board + Sim Holder -(WCOPRM15T-5G),https://www.cmedistribution.com.my/wp-content/uploads/2025/12/REALME-15T-5G-AA-CC-BOARD-100x100.jpeg|https://www.cmedistribution.com.my/wp-content/uploads/2025/12/REALME-15T-5G-AA-CC-BOARD-1024x1024.jpeg|https://www.cmedistribution.com.my/wp-content/uploads/2025/12/REALME-15T-5G-AA-CC-BOARD-150x150.jpeg|https://www.cmedistribution.com.my/wp-content/uploads/2025/12/REALME-15T-5G-AA-CC-BOARD-300x300.jpeg|https://www.cmedistribution.com.my/wp-content/uploads/2025/12/REALME-15T-5G-AA-CC-BOARD-350x350.jpeg|https://www.cmedistribution.com.my/wp-content/uploads/2025/12/REALME-15T-5G-AA-CC-BOARD-600x600.jpeg|https://www.cmedistribution.com.my/wp-content/uploads/2025/12/REALME-15T-5G-AA-CC-BOARD-768x768.jpeg|https://www.cmedistribution.com.my/wp-content/uploads/2025/12/REALME-15T-5G-AA-CC-BOARD.jpeg,SKU-LXYEIR,53
Realme 15T-5G Ribbon On Off + Volume,3.60,Description Product Specifications and Features: -Realme 15T-5G Ribbon On Off + Volume -(KJOPRM15T-5G(P2)),https://www.cmedistribution.com.my/wp-content/uploads/2025/12/REALME-15T-RB-OF.jpeg,SKU-85DNG2,16
"SM Galaxy Tab A9 8.7-2023 SM-X110,SM-X115 On Board LCD Connector (20*20PIN) (40PIN)",3.60,"Description Product Specifications and Features: -SM Galaxy Tab A9 8.7-2023 SM-X110,SM-X115 On Board LCD Connector (20*20PIN) (40PIN)",https://www.cmedistribution.com.my/wp-content/uploads/2025/12/SAM-X110-CON-LCD.jpeg,SKU-T9U31V,20
SM Z Flip 3-5G SM-F711 Buckle For Edge Frame (1SET 2PCS),7.20,Description Product Specifications and Features: -SM Z Flip 3-5G SM-F711 Buckle For Edge Frame (1SET 2PCS),https://www.cmedistribution.com.my/wp-content/uploads/2025/12/SAM-Z-FLIP-3-BUCKLE-FRM-100x100.jpeg|https://www.cmedistribution.com.my/wp-content/uploads/2025/12/SAM-Z-FLIP-3-BUCKLE-FRM-1024x1024.jpeg|https://www.cmedistribution.com.my/wp-content/uploads/2025/12/SAM-Z-FLIP-3-BUCKLE-FRM-150x150.jpeg|https://www.cmedistribution.com.my/wp-content/uploads/2025/12/SAM-Z-FLIP-3-BUCKLE-FRM-300x300.jpeg|https://www.cmedistribution.com.my/wp-content/uploads/2025/12/SAM-Z-FLIP-3-BUCKLE-FRM-350x350.jpeg|https://www.cmedistribution.com.my/wp-content/uploads/2025/12/SAM-Z-FLIP-3-BUCKLE-FRM-600x600.jpeg|https://www.cmedistribution.com.my/wp-content/uploads/2025/12/SAM-Z-FLIP-3-BUCKLE-FRM-768x768.jpeg|https://www.cmedistribution.com.my/wp-content/uploads/2025/12/SAM-Z-FLIP-3-BUCKLE-FRM.jpeg,SKU-FKTXX1,26
SM Z Flip 4-5G SM-F721 Buckle For Edge Frame (1SET 2PCS),7.20,Description Product Specifications and Features: -SM Z Flip 4-5G SM-F721 Buckle For Edge Frame (1SET 2PCS),https://www.cmedistribution.com.my/wp-content/uploads/2025/12/SAM-Z-FLIP-4-BUCKLE-FRM-100x100.jpeg|https://www.cmedistribution.com.my/wp-content/uploads/2025/12/SAM-Z-FLIP-4-BUCKLE-FRM-150x150.jpeg|https://www.cmedistribution.com.my/wp-content/uploads/2025/12/SAM-Z-FLIP-4-BUCKLE-FRM-300x300.jpeg|https://www.cmedistribution.com.my/wp-content/uploads/2025/12/SAM-Z-FLIP-4-BUCKLE-FRM-350x350.jpeg|https://www.cmedistribution.com.my/wp-content/uploads/2025/12/SAM-Z-FLIP-4-BUCKLE-FRM-600x600.jpeg|https://www.cmedistribution.com.my/wp-content/uploads/2025/12/SAM-Z-FLIP-4-BUCKLE-FRM-768x768.jpeg|https://www.cmedistribution.com.my/wp-content/uploads/2025/12/SAM-Z-FLIP-4-BUCKLE-FRM.jpeg,SKU-PAI2QU,28
SM Z Flip 5-5G SM-F731 Buckle For Edge Frame (1SET 2PCS),7.20,Description Product Specifications and Features: -SM Z Flip 5-5G SM-F731 Buckle For Edge Frame (1SET 2PCS),https://www.cmedistribution.com.my/wp-content/uploads/2025/12/SAM-Z-FLIP-5-BUCKLE-FRM-100x100.jpeg|https://www.cmedistribution.com.my/wp-content/uploads/2025/12/SAM-Z-FLIP-5-BUCKLE-FRM-1024x1024.jpeg|https://www.cmedistribution.com.my/wp-content/uploads/2025/12/SAM-Z-FLIP-5-BUCKLE-FRM-150x150.jpeg|https://www.cmedistribution.com.my/wp-content/uploads/2025/12/SAM-Z-FLIP-5-BUCKLE-FRM-300x300.jpeg|https://www.cmedistribution.com.my/wp-content/uploads/2025/12/SAM-Z-FLIP-5-BUCKLE-FRM-350x350.jpeg|https://www.cmedistribution.com.my/wp-content/uploads/2025/12/SAM-Z-FLIP-5-BUCKLE-FRM-600x600.jpeg|https://www.cmedistribution.com.my/wp-content/uploads/2025/12/SAM-Z-FLIP-5-BUCKLE-FRM-768x768.jpeg|https://www.cmedistribution.com.my/wp-content/uploads/2025/12/SAM-Z-FLIP-5-BUCKLE-FRM.jpeg,SKU-SL27SQ,41
SM Z Flip 6-5G SM-F956 Buckle For Edge Frame (1SET 2PCS),7.20,Description Product Specifications and Features: -SM Z Flip 6-5G SM-F956 Buckle For Edge Frame (1SET 2PCS),https://www.cmedistribution.com.my/wp-content/uploads/2025/12/SAM-Z-FLIP-6-BUCKLE-FRM-100x100.jpeg|https://www.cmedistribution.com.my/wp-content/uploads/2025/12/SAM-Z-FLIP-6-BUCKLE-FRM-1024x1024.jpeg|https://www.cmedistribution.com.my/wp-content/uploads/2025/12/SAM-Z-FLIP-6-BUCKLE-FRM-150x150.jpeg|https://www.cmedistribution.com.my/wp-content/uploads/2025/12/SAM-Z-FLIP-6-BUCKLE-FRM-300x300.jpeg|https://www.cmedistribution.com.my/wp-content/uploads/2025/12/SAM-Z-FLIP-6-BUCKLE-FRM-350x350.jpeg|https://www.cmedistribution.com.my/wp-content/uploads/2025/12/SAM-Z-FLIP-6-BUCKLE-FRM-600x600.jpeg|https://www.cmedistribution.com.my/wp-content/uploads/2025/12/SAM-Z-FLIP-6-BUCKLE-FRM-768x768.jpeg|https://www.cmedistribution.com.my/wp-content/uploads/2025/12/SAM-Z-FLIP-6-BUCKLE-FRM.jpeg,SKU-R99B3I,46
SM Z Fold 2-5G SM-F916 Buckle For Edge Frame (1SET 2PCS),7.20,Description Product Specifications and Features: -SM Z Fold 2-5G SM-F916 Buckle For Edge Frame (1SET 2PCS),https://www.cmedistribution.com.my/wp-content/uploads/2025/12/SAM-Z-FOLD-2-BUCKLE-FRM-100x100.jpeg|https://www.cmedistribution.com.my/wp-content/uploads/2025/12/SAM-Z-FOLD-2-BUCKLE-FRM-150x150.jpeg|https://www.cmedistribution.com.my/wp-content/uploads/2025/12/SAM-Z-FOLD-2-BUCKLE-FRM-300x300.jpeg|https://www.cmedistribution.com.my/wp-content/uploads/2025/12/SAM-Z-FOLD-2-BUCKLE-FRM-350x350.jpeg|https://www.cmedistribution.com.my/wp-content/uploads/2025/12/SAM-Z-FOLD-2-BUCKLE-FRM-600x600.jpeg|https://www.cmedistribution.com.my/wp-content/uploads/2025/12/SAM-Z-FOLD-2-BUCKLE-FRM-768x768.jpeg|https://www.cmedistribution.com.my/wp-content/uploads/2025/12/SAM-Z-FOLD-2-BUCKLE-FRM.jpeg,SKU-OOJ8CC,27
SM Z Fold 3-5G SM-F926 Buckle For Edge Frame (1SET 2PCS),7.20,Description Product Specifications and Features: -SM Z Fold 3-5G SM-F926 Buckle For Edge Frame (1SET 2PCS),https://www.cmedistribution.com.my/wp-content/uploads/2025/12/SAM-Z-FOLD-3-BUCKLE-FRM-100x100.jpeg|https://www.cmedistribution.com.my/wp-content/uploads/2025/12/SAM-Z-FOLD-3-BUCKLE-FRM-1024x1024.jpeg|https://www.cmedistribution.com.my/wp-content/uploads/2025/12/SAM-Z-FOLD-3-BUCKLE-FRM-150x150.jpeg|https://www.cmedistribution.com.my/wp-content/uploads/2025/12/SAM-Z-FOLD-3-BUCKLE-FRM-300x300.jpeg|https://www.cmedistribution.com.my/wp-content/uploads/2025/12/SAM-Z-FOLD-3-BUCKLE-FRM-350x350.jpeg|https://www.cmedistribution.com.my/wp-content/uploads/2025/12/SAM-Z-FOLD-3-BUCKLE-FRM-600x600.jpeg|https://www.cmedistribution.com.my/wp-content/uploads/2025/12/SAM-Z-FOLD-3-BUCKLE-FRM-768x768.jpeg|https://www.cmedistribution.com.my/wp-content/uploads/2025/12/SAM-Z-FOLD-3-BUCKLE-FRM.jpeg,SKU-MQJNFJ,39
SM Z Fold 4-5G SM-F936 Buckle For Edge Frame (1SET 2PCS),7.20,Description Product Specifications and Features: -SM Z Fold 4-5G SM-F936 Buckle For Edge Frame (1SET 2PCS),https://www.cmedistribution.com.my/wp-content/uploads/2025/12/SAM-Z-FOLD-4-BUCKLE-FRM-100x100.jpeg|https://www.cmedistribution.com.my/wp-content/uploads/2025/12/SAM-Z-FOLD-4-BUCKLE-FRM-1024x1024.jpeg|https://www.cmedistribution.com.my/wp-content/uploads/2025/12/SAM-Z-FOLD-4-BUCKLE-FRM-150x150.jpeg|https://www.cmedistribution.com.my/wp-content/uploads/2025/12/SAM-Z-FOLD-4-BUCKLE-FRM-300x300.jpeg|https://www.cmedistribution.com.my/wp-content/uploads/2025/12/SAM-Z-FOLD-4-BUCKLE-FRM-350x350.jpeg|https://www.cmedistribution.com.my/wp-content/uploads/2025/12/SAM-Z-FOLD-4-BUCKLE-FRM-600x600.jpeg|https://www.cmedistribution.com.my/wp-content/uploads/2025/12/SAM-Z-FOLD-4-BUCKLE-FRM-768x768.jpeg|https://www.cmedistribution.com.my/wp-content/uploads/2025/12/SAM-Z-FOLD-4-BUCKLE-FRM.jpeg,SKU-N0FIEG,81
SM Z Fold 5-5G SM-F946 Buckle For Edge Frame (1SET 2PCS),7.20,Description Product Specifications and Features: -SM Z Fold 5-5G SM-F946 Buckle For Edge Frame (1SET 2PCS),https://www.cmedistribution.com.my/wp-content/uploads/2025/12/SAM-Z-FOLD-5-BUCKLE-FRM-100x100.jpeg|https://www.cmedistribution.com.my/wp-content/uploads/2025/12/SAM-Z-FOLD-5-BUCKLE-FRM-1024x1024.jpeg|https://www.cmedistribution.com.my/wp-content/uploads/2025/12/SAM-Z-FOLD-5-BUCKLE-FRM-150x150.jpeg|https://www.cmedistribution.com.my/wp-content/uploads/2025/12/SAM-Z-FOLD-5-BUCKLE-FRM-300x300.jpeg|https://www.cmedistribution.com.my/wp-content/uploads/2025/12/SAM-Z-FOLD-5-BUCKLE-FRM-350x350.jpeg|https://www.cmedistribution.com.my/wp-content/uploads/2025/12/SAM-Z-FOLD-5-BUCKLE-FRM-600x600.jpeg|https://www.cmedistribution.com.my/wp-content/uploads/2025/12/SAM-Z-FOLD-5-BUCKLE-FRM-768x768.jpeg|https://www.cmedistribution.com.my/wp-content/uploads/2025/12/SAM-Z-FOLD-5-BUCKLE-FRM.jpeg,SKU-V7D01C,73
SM Z Fold 6-5G SM-F956 Buckle For Edge Frame (1SET 2PCS),7.20,Description Product Specifications and Features: -SM Z Fold 6-5G SM-F956 Buckle For Edge Frame (1SET 2PCS),https://www.cmedistribution.com.my/wp-content/uploads/2025/12/SAM-Z-FOLD-6-BUCKLE-FRM-100x100.jpeg|https://www.cmedistribution.com.my/wp-content/uploads/2025/12/SAM-Z-FOLD-6-BUCKLE-FRM-1024x1024.jpeg|https://www.cmedistribution.com.my/wp-content/uploads/2025/12/SAM-Z-FOLD-6-BUCKLE-FRM-150x150.jpeg|https://www.cmedistribution.com.my/wp-content/uploads/2025/12/SAM-Z-FOLD-6-BUCKLE-FRM-300x300.jpeg|https://www.cmedistribution.com.my/wp-content/uploads/2025/12/SAM-Z-FOLD-6-BUCKLE-FRM-350x350.jpeg|https://www.cmedistribution.com.my/wp-content/uploads/2025/12/SAM-Z-FOLD-6-BUCKLE-FRM-600x600.jpeg|https://www.cmedistribution.com.my/wp-content/uploads/2025/12/SAM-Z-FOLD-6-BUCKLE-FRM-768x768.jpeg|https://www.cmedistribution.com.my/wp-content/uploads/2025/12/SAM-Z-FOLD-6-BUCKLE-FRM.jpeg,SKU-41CEPU,27
JCID-IC WIFI Chip for 15PRO/15PROMAX WIFI Unbind and WIFI Repair,96.00,Description JCID-IC WIFI Chip for 15PRO/15PROMAX WIFI Unbind and WIFI Repair,https://www.cmedistribution.com.my/wp-content/uploads/2025/12/SVC-5608.png,SKU-E2JPFP,40
Phone 12/12Pro LCD SL DD Diagnosable Soft OLED Full Set,258.00,Description Product Specifications and Features: -Phone 12/12Pro LCD SL DD Diagnosable Soft OLED Full Set -Warranty 1 Month -Self Damage Will Be No Warranty,https://www.cmedistribution.com.my/wp-content/uploads/2025/12/IP-12-LCD-SL-DD-DIAG-OLED-FS.jpeg,SKU-NS3MD7,32
Phone 13 LCD SL DD Diagnosable Soft OLED Full Set,282.00,Description Product Specifications and Features: -Phone 13 LCD SL DD Diagnosable Soft OLED Full Set -Warranty 1 Month -Self Damage Will Be No Warranty,https://www.cmedistribution.com.my/wp-content/uploads/2025/12/IP-13-LCD-SL-DD-DIAG-OLED-FS.jpeg,SKU-50K9X2,39
Phone 13Pro LCD SL DD Diagnosable Soft OLED Full Set,312.00,Description Product Specifications and Features: -Phone 13Pro LCD SL DD Diagnosable Soft OLED Full Set -Warranty 1 Month -Self Damage Will Be No Warranty,https://www.cmedistribution.com.my/wp-content/uploads/2025/12/IP-13PRO-LCD-SL-DD-DIAG-OLED-FS.jpeg,SKU-OWXYG3,97
Phone 13ProMax LCD SL DD Diagnosable Soft OLED Full Set,330.00,Description Product Specifications and Features: -Phone 13ProMax LCD SL DD Diagnosable Soft OLED Full Set -Warranty 1 Month -Self Damage Will Be No Warranty,https://www.cmedistribution.com.my/wp-content/uploads/2025/12/IP-13PROMAX-LCD-SL-DD-DIAG-OLED-FS.jpeg,SKU-OM3YRE,87
Phone 14 LCD SL DD Diagnosable Soft OLED Full Set,276.00,Description Product Specifications and Features: -Phone 14 LCD SL DD Diagnosable Soft OLED Full Set -Warranty 1 Month -Self Damage Will Be No Warranty,https://www.cmedistribution.com.my/wp-content/uploads/2025/12/IP-14-LCD-SL-DD-DIAG-OLED-FS.jpeg,SKU-030YTR,28
Phone 14Plus LCD SL DD Diagnosable Soft OLED Full Set,306.00,Description Product Specifications and Features: -Phone 14Plus LCD SL DD Diagnosable Soft OLED Full Set -Warranty 1 Month -Self Damage Will Be No Warranty,https://www.cmedistribution.com.my/wp-content/uploads/2025/12/IP-14PLUS-LCD-SL-DD-DIAG-OLED-FS-100x100.jpeg|https://www.cmedistribution.com.my/wp-content/uploads/2025/12/IP-14PLUS-LCD-SL-DD-DIAG-OLED-FS-1024x1024.jpeg|https://www.cmedistribution.com.my/wp-content/uploads/2025/12/IP-14PLUS-LCD-SL-DD-DIAG-OLED-FS-150x150.jpeg|https://www.cmedistribution.com.my/wp-content/uploads/2025/12/IP-14PLUS-LCD-SL-DD-DIAG-OLED-FS-300x300.jpeg|https://www.cmedistribution.com.my/wp-content/uploads/2025/12/IP-14PLUS-LCD-SL-DD-DIAG-OLED-FS-350x350.jpeg|https://www.cmedistribution.com.my/wp-content/uploads/2025/12/IP-14PLUS-LCD-SL-DD-DIAG-OLED-FS-600x600.jpeg|https://www.cmedistribution.com.my/wp-content/uploads/2025/12/IP-14PLUS-LCD-SL-DD-DIAG-OLED-FS-768x768.jpeg|https://www.cmedistribution.com.my/wp-content/uploads/2025/12/IP-14PLUS-LCD-SL-DD-DIAG-OLED-FS.jpeg,SKU-QGNDKN,60
Phone 14Pro LCD SL DD Diagnosable Soft OLED Full Set,438.00,Description Product Specifications and Features: -Phone 14Pro LCD SL DD Diagnosable Soft OLED Full Set -Warranty 1 Month -Self Damage Will Be No Warranty,https://www.cmedistribution.com.my/wp-content/uploads/2025/12/IP-14PRO-LCD-SL-DD-DIAG-OLED-FS.jpeg,SKU-FADM4I,98
Phone 14ProMax LCD SL DD Diagnosable Soft OLED Full Set,378.00,Description Product Specifications and Features: -Phone 14ProMax LCD SL DD Diagnosable Soft OLED Full Set -Warranty 1 Month -Self Damage Will Be No Warranty,https://www.cmedistribution.com.my/wp-content/uploads/2025/12/IP-14PROMAX-LCD-SL-DD-DIAG-OLED-FS.jpeg,SKU-8TZ3KA,41
Phone 15 LCD SL DD Diagnosable Soft OLED Full Set,438.00,Description Product Specifications and Features: -Phone 15 LCD SL DD Diagnosable Soft OLED Full Set -Warranty 1 Month -Self Damage Will Be No Warranty,https://www.cmedistribution.com.my/wp-content/uploads/2025/12/IP-15-LCD-SL-DD-DIAG-OLED-FS.jpeg,SKU-2W9SRN,28
Phone 15Plus LCD SL DD Diagnosable Soft OLED Full Set,474.00,Description Product Specifications and Features: -Phone 15Plus LCD SL DD Diagnosable Soft OLED Full Set -Warranty 1 Month -Self Damage Will Be No Warranty,https://www.cmedistribution.com.my/wp-content/uploads/2025/12/IP-15PLUS-LCD-SL-DD-DIAG-OLED-FS-100x100.jpeg|https://www.cmedistribution.com.my/wp-content/uploads/2025/12/IP-15PLUS-LCD-SL-DD-DIAG-OLED-FS-1024x1024.jpeg|https://www.cmedistribution.com.my/wp-content/uploads/2025/12/IP-15PLUS-LCD-SL-DD-DIAG-OLED-FS-150x150.jpeg|https://www.cmedistribution.com.my/wp-content/uploads/2025/12/IP-15PLUS-LCD-SL-DD-DIAG-OLED-FS-300x300.jpeg|https://www.cmedistribution.com.my/wp-content/uploads/2025/12/IP-15PLUS-LCD-SL-DD-DIAG-OLED-FS-350x350.jpeg|https://www.cmedistribution.com.my/wp-content/uploads/2025/12/IP-15PLUS-LCD-SL-DD-DIAG-OLED-FS-600x600.jpeg|https://www.cmedistribution.com.my/wp-content/uploads/2025/12/IP-15PLUS-LCD-SL-DD-DIAG-OLED-FS-768x768.jpeg|https://www.cmedistribution.com.my/wp-content/uploads/2025/12/IP-15PLUS-LCD-SL-DD-DIAG-OLED-FS.jpeg,SKU-QNSDS2,15
Phone 15Pro LCD SL DD Diagnosable Soft OLED Full Set,522.00,Description Product Specifications and Features: -Phone 15Pro LCD SL DD Diagnosable Soft OLED Full Set -Warranty 1 Month -Self Damage Will Be No Warranty,https://www.cmedistribution.com.my/wp-content/uploads/2025/12/IP-15PRO-LCD-SL-DD-DIAG-OLED-FS.jpeg,SKU-76FKSM,34
Phone 15ProMax LCD SL DD Diagnosable Soft OLED Full Set,498.00,Description Product Specifications and Features: -Phone 15ProMax LCD SL DD Diagnosable Soft OLED Full Set -Warranty 1 Month -Self Damage Will Be No Warranty,https://www.cmedistribution.com.my/wp-content/uploads/2025/12/IP-15PROMAX-LCD-SL-DD-DIAG-OLED-FS.jpeg,SKU-D9EJE1,68
Phone 17Pro LCD FOG Full Set,954.00,Description Product Specifications and Features: -Phone 17Pro LCD FOG Full Set -Warranty 1 Month -Self Damage Will Be No Warranty,https://www.cmedistribution.com.my/wp-content/uploads/2025/12/IP-17PRO-LCD-FOG-FS.jpeg,SKU-1OT5P4,92
Phone 17Pro LCD GX TFT Incell Full Set (Support Move IC),354.00,Description Product Specifications and Features: -Phone 17Pro LCD GX TFT Incell Full Set (Support Move IC) -Warranty 1 Month -Self Damage Will Be No Warranty,https://www.cmedistribution.com.my/wp-content/uploads/2025/12/IP-17PRO-LCD-GX-TFT-FS.jpeg,SKU-3IVU21,83
Phone 17Pro LCD HL AA TFT Full Set (Support Move IC),354.00,Description Product Specifications and Features: -Phone 17Pro LCD HL AA TFT Full Set (Support Move IC) -Warranty 1 Month -Self Damage Will Be No Warranty,https://www.cmedistribution.com.my/wp-content/uploads/2025/12/IP-17PRO-LCD-HL-TFT-FS.jpeg,SKU-OM5KHT,63
Phone 17Pro LCD RJ Soft OLED Full Set (Support Move IC),642.00,Description Product Specifications and Features: -Phone 17Pro LCD RJ Soft OLED Full Set (Support Move IC) -Warranty 1 Month -Self Damage Will Be No Warranty,https://www.cmedistribution.com.my/wp-content/uploads/2025/12/IP-17PRO-LCD-RJ-SOFT-OLED-FS.jpeg,SKU-Z6AJMK,18
Phone 17ProMax LCD FOG Full Set,1158.00,Description Product Specifications and Features: -Phone 17ProMax LCD FOG Full Set -Warranty 1 Month -Self Damage Will Be No Warranty,https://www.cmedistribution.com.my/wp-content/uploads/2025/12/IP-17PROMAX-LCD-FOG-FS.jpeg,SKU-7WJS27,59
Phone 17ProMax LCD HL AA TFT Full Set (Support Move IC),282.00,Description Product Specifications and Features: -Phone 17ProMax LCD HL AA TFT Full Set (Support Move IC) -Warranty 1 Month -Self Damage Will Be No Warranty,https://www.cmedistribution.com.my/wp-content/uploads/2025/12/IP-17PROMAX-LCD-HK-TFT-FS.jpeg,SKU-BWXIPI,57
Phone 17ProMax LCD SL DD Hard OLED Full Set (Support Move IC),522.00,Description Product Specifications and Features: -Phone 17ProMax LCD SL DD Hard OLED Full Set (Support Move IC) -Warranty 1 Month -Self Damage Will Be No Warranty,https://www.cmedistribution.com.my/wp-content/uploads/2025/12/IP-17PROMAX-LCD-SL-DD-HARD-OLED-FS.jpeg,SKU-556TVX,49
Honor X9-5G (ORI Used) Charging Board + Sim Holder,26.40,Description Product Specifications and Features: -Honor X9-5G (ORI Used) Charging Board + Sim Holder -(HL1ANYU),https://www.cmedistribution.com.my/wp-content/uploads/2025/12/HONOR-X9-ORI-CC-BOARD.jpeg,SKU-WNIH4T,25
"I2C EPR32 Chip Programmer SET1 – (15/16/Pad Charging, Baseband Chip Read/Write)",98.40,"Description I2C EPR32 Chip Programmer SET1 – (15/16/Pad Charging, Baseband Chip Read/Write)",https://www.cmedistribution.com.my/wp-content/uploads/2025/12/SVC-5602-1.webp|https://www.cmedistribution.com.my/wp-content/uploads/2025/12/SVC-5602-2.webp|https://www.cmedistribution.com.my/wp-content/uploads/2025/12/SVC-5602-3.webp|https://www.cmedistribution.com.my/wp-content/uploads/2025/12/SVC-5602-4-scaled.webp|https://www.cmedistribution.com.my/wp-content/uploads/2025/12/SVC-5602-5.webp|https://www.cmedistribution.com.my/wp-content/uploads/2025/12/SVC-5602-6.webp|https://www.cmedistribution.com.my/wp-content/uploads/2025/12/SVC-5602.jpeg,SKU-S56CWM,16
"I2C EPR32 Chip Programmer SET2 – (15/16/Pad Charging,Baseband Chip Read/Write+AI Android Bot Log)",108.00,"Description I2C EPR32 Chip Programmer SET2 – (15/16/Pad Charging,Baseband Chip Read/Write+AI Android Bot Log)",https://www.cmedistribution.com.my/wp-content/uploads/2025/12/SVC-5603-1.webp|https://www.cmedistribution.com.my/wp-content/uploads/2025/12/SVC-5603-2.webp|https://www.cmedistribution.com.my/wp-content/uploads/2025/12/SVC-5603-3.webp|https://www.cmedistribution.com.my/wp-content/uploads/2025/12/SVC-5603-4.webp|https://www.cmedistribution.com.my/wp-content/uploads/2025/12/SVC-5603-5.webp|https://www.cmedistribution.com.my/wp-content/uploads/2025/12/SVC-5603-6-scaled.webp|https://www.cmedistribution.com.my/wp-content/uploads/2025/12/SVC-5603-7.webp|https://www.cmedistribution.com.my/wp-content/uploads/2025/12/SVC-5603.jpeg,SKU-51QG3A,98
JCID-IC WIFI Chip for 15/15PLUS WIFI Unbind and WIFI Repair,96.00,Description JCID-IC WIFI Chip for 15/15PLUS WIFI Unbind and WIFI Repair,https://www.cmedistribution.com.my/wp-content/uploads/2025/12/SVC-5607.png,SKU-NNBIFJ,49
KEGUAN Powerful Dust Blowing Ball,8.40,Description KEGUAN Powerful Dust Blowing Ball,https://www.cmedistribution.com.my/wp-content/uploads/2025/12/SVC-5606-1.jpg|https://www.cmedistribution.com.my/wp-content/uploads/2025/12/SVC-5606-2.jpg|https://www.cmedistribution.com.my/wp-content/uploads/2025/12/SVC-5606-4.jpg,SKU-OIWNIL,51
Oppo Find N-5G LCD Frame Bezel Inner Screen Plate,38.40,Description Product Specifications and Features: -Oppo Find N-5G LCD Frame Bezel Inner Screen Plate -(NO WARRANTY),https://www.cmedistribution.com.my/wp-content/uploads/2025/12/OPPO-FIND-N-LCD-FRAME.jpeg,SKU-WA07OJ,58
Oppo Find N2-5G LCD Frame Bezel Inner Screen Plate,38.40,Description Product Specifications and Features: -Oppo Find N2-5G LCD Frame Bezel Inner Screen Plate -(NO WARRANTY),https://www.cmedistribution.com.my/wp-content/uploads/2025/12/OPPO-FIND-N2-LCD-FRAME.jpeg,SKU-K8V6IV,0
Oppo Find N2 Flip-5G LCD Frame Bezel Inner Screen Plate,33.60,Description Product Specifications and Features: -Oppo Find N2 Flip-5G LCD Frame Bezel Inner Screen Plate -(NO WARRANTY),https://www.cmedistribution.com.my/wp-content/uploads/2025/12/OPPO-FIND-N2-FLIP-LCD-FRAME.jpeg,SKU-3BR8MC,51
Oppo Find N3 Flip-5G LCD Frame Bezel Inner Screen Plate,33.60,Description Product Specifications and Features: -Oppo Find N3 Flip-5G LCD Frame Bezel Inner Screen Plate -(NO WARRANTY),https://www.cmedistribution.com.my/wp-content/uploads/2025/12/OPPO-FIND-N3-FLIP-LCD-FRAME.jpeg,SKU-4PZWU5,22
"Oppo Reno 12F (4G,5G) Ribbon UI For Charging",7.20,"Description Product Specifications and Features: -Oppo Reno 12F (4G,5G) Ribbon UI For Charging -(CAC288-0)",https://www.cmedistribution.com.my/wp-content/uploads/2025/12/OPPO-RENO-12F-RB-UI-CG-100x100.jpeg|https://www.cmedistribution.com.my/wp-content/uploads/2025/12/OPPO-RENO-12F-RB-UI-CG-1024x1024.jpeg|https://www.cmedistribution.com.my/wp-content/uploads/2025/12/OPPO-RENO-12F-RB-UI-CG-150x150.jpeg|https://www.cmedistribution.com.my/wp-content/uploads/2025/12/OPPO-RENO-12F-RB-UI-CG-300x300.jpeg|https://www.cmedistribution.com.my/wp-content/uploads/2025/12/OPPO-RENO-12F-RB-UI-CG-350x350.jpeg|https://www.cmedistribution.com.my/wp-content/uploads/2025/12/OPPO-RENO-12F-RB-UI-CG-600x600.jpeg|https://www.cmedistribution.com.my/wp-content/uploads/2025/12/OPPO-RENO-12F-RB-UI-CG-768x768.jpeg|https://www.cmedistribution.com.my/wp-content/uploads/2025/12/OPPO-RENO-12F-RB-UI-CG.jpeg,SKU-Z2DJIY,23
Realme 14-5G LCD Frame,30.00,Description Product Specifications and Features: -Realme 14-5G LCD Frame -(NO WARRANTY),https://www.cmedistribution.com.my/wp-content/uploads/2025/12/REALME-14-5G-LCD-FRAME-100x100.jpeg|https://www.cmedistribution.com.my/wp-content/uploads/2025/12/REALME-14-5G-LCD-FRAME-1024x1024.jpeg|https://www.cmedistribution.com.my/wp-content/uploads/2025/12/REALME-14-5G-LCD-FRAME-150x150.jpeg|https://www.cmedistribution.com.my/wp-content/uploads/2025/12/REALME-14-5G-LCD-FRAME-300x300.jpeg|https://www.cmedistribution.com.my/wp-content/uploads/2025/12/REALME-14-5G-LCD-FRAME-350x350.jpeg|https://www.cmedistribution.com.my/wp-content/uploads/2025/12/REALME-14-5G-LCD-FRAME-600x600.jpeg|https://www.cmedistribution.com.my/wp-content/uploads/2025/12/REALME-14-5G-LCD-FRAME-768x768.jpeg|https://www.cmedistribution.com.my/wp-content/uploads/2025/12/REALME-14-5G-LCD-FRAME.jpeg,SKU-9O79IO,37
Realme 14T-5G LCD Frame,30.00,Description Product Specifications and Features: -Realme 14T-5G LCD Frame -(NO WARRANTY),https://www.cmedistribution.com.my/wp-content/uploads/2025/12/REALME-14T-LCD-FRAME.jpeg,SKU-3YNIXP,44
RF4 RF-SF4 Smoke Exhaust Fan,39.60,"Description Features: -The RF4 exhaust fan is a practical device developed specifically for electronic repair and manual soldering scenarios -Key advantages: Powerful suction force and efficient motor, quickly removing welding fumes. Improving work efficiency -Air volume adjustment: The knob can independently adjust the wind force -Ready to use immediately: No suspension design. Just plug in and use. The built-in stand does not require installation -Compact and portable: The device is lightweight and easy to store, taking up little space and is suitable for use in small repair areas",https://www.cmedistribution.com.my/wp-content/uploads/2025/12/SVC-5604-1.webp|https://www.cmedistribution.com.my/wp-content/uploads/2025/12/SVC-5604-2.webp|https://www.cmedistribution.com.my/wp-content/uploads/2025/12/SVC-5604-3.webp,SKU-3DW6AK,99
SM S20 Ultra-5G Buzzer Full Set,18.00,Description Product Specifications and Features: -SM S20 Ultra-5G Buzzer Full Set,https://www.cmedistribution.com.my/wp-content/uploads/2025/12/SM-S20-ULTRA-BUZ-FS.jpeg,SKU-BL12J9,5
SM Z Flip 1-4G SM-F700 LCD ORI Used Full Set Without Frame (Inner Screen),396.00,"Description Product Specifications and Features: -SM Z Flip 1-4G SM-F700 LCD ORI Used Full Set Without Frame (Inner Screen) -Warranty 1 Month,AFTER INSTALL NO WARRANTY -Self Damage Will Be No Warranty",https://www.cmedistribution.com.my/wp-content/uploads/2025/12/SM-Z-FLIP-1-F700-LCD-RECOND-FS-NO-FRM-INNER.jpeg,SKU-O3GARA,61
SM Z Flip 3-5G SM-F711 LCD ORI Used Full Set Without Frame (Inner Screen),660.00,"Description Product Specifications and Features: -SM Z Flip 3-5G SM-F711 LCD ORI Used Full Set Without Frame (Inner Screen) -Warranty 1 Month,AFTER INSTALL NO WARRANTY -Self Damage Will Be No Warranty",https://www.cmedistribution.com.my/wp-content/uploads/2025/12/SM-Z-FLIP-3-F711-LCD-RECOND-FS-NO-FRM-INNER.jpeg,SKU-B8Q034,34
SM Z Flip 4-5G SM-F721 LCD ORI Used Full Set Without Frame (Inner Screen),780.00,"Description Product Specifications and Features: -SM Z Flip 4-5G SM-F721 LCD ORI Used Full Set Without Frame (Inner Screen) -Warranty 1 Month,AFTER INSTALL NO WARRANTY -Self Damage Will Be No Warranty",https://www.cmedistribution.com.my/wp-content/uploads/2025/12/SM-Z-FLIP-4-F721-LCD-RECOND-FS-NO-FRM-INNER.jpeg,SKU-UGCOSB,98
SM Z Fold 2-5G SM-F916 LCD ORI New Full Set Without Frame (Inner Screen),936.00,"Description Product Specifications and Features: -SM Z Fold 2-5G SM-F916 LCD ORI New Full Set Without Frame (Inner Screen) -Warranty 1 Month,AFTER INSTALL NO WARRANTY -Self Damage Will Be No Warranty",https://www.cmedistribution.com.my/wp-content/uploads/2025/12/SM-Z-FOLD-2-F916-LCD-ORI-FS-NO-FRM-INNER.jpeg,SKU-UMIPJU,12
SM Z Fold 3-5G SM-F926 LCD ORI Used Full Set Without Frame (Inner Screen),1152.00,"Description Product Specifications and Features: -SM Z Fold 3-5G SM-F926 LCD ORI Used Full Set Without Frame (Inner Screen) -Warranty 1 Month,AFTER INSTALL NO WARRANTY -Self Damage Will Be No Warranty",https://www.cmedistribution.com.my/wp-content/uploads/2025/12/SM-Z-FOLD-3-F926-LCD-RECOND-FS-NO-FRM-INNER.jpeg,SKU-Y3YO6K,94
MR.YANG MY Charging Eeprom/M.Y Eeprom 16PRO PROMAX Holder 2in1 Programmer,90.00,Description MR.YANG MY Charging Eeprom/M.Y Eeprom 16PRO PROMAX Holder 2in1 Programmer,https://www.cmedistribution.com.my/wp-content/uploads/2025/12/SVC-5605.jpeg,SKU-R4E84B,87
鲁斑 LB Tool Glass Fluid Bottle (150ML),31.20,Description 鲁斑 LB Tool Glass Fluid Bottle (150ML),https://www.cmedistribution.com.my/wp-content/uploads/2025/12/SVC-5595-1.webp|https://www.cmedistribution.com.my/wp-content/uploads/2025/12/SVC-5595-2.webp|https://www.cmedistribution.com.my/wp-content/uploads/2025/12/SVC-5595-3.webp|https://www.cmedistribution.com.my/wp-content/uploads/2025/12/SVC-5595-4.webp|https://www.cmedistribution.com.my/wp-content/uploads/2025/12/SVC-5595-5.webp|https://www.cmedistribution.com.my/wp-content/uploads/2025/12/SVC-5595-6.webp,SKU-T13U0S,60
鲁斑LB TOOL CB25 Microscope Cantilever Bracket 360°C Rotating Ball Head Aluminum Alloy ARM with Phone,57.60,"Description Features: -Metal cantilever bracket, aluminum alloy material, mechanical knob, ball steering, multi-angle adjustment (Can be used with LB microscope repair plate) -Double-hole phone holder, multi-angle clamping -The top has two 360-degree rotating ball heads, allowing for seamless rotation and adjustment -The top 1/4″ screw allows for attachment to devices such as crab clamps, tripods, and phone holders -Ball steering: 360° rotatable and adjustable at multiple angles",https://www.cmedistribution.com.my/wp-content/uploads/2025/12/SVC-5599-1.webp|https://www.cmedistribution.com.my/wp-content/uploads/2025/12/SVC-5599-2.webp|https://www.cmedistribution.com.my/wp-content/uploads/2025/12/SVC-5599-3.webp|https://www.cmedistribution.com.my/wp-content/uploads/2025/12/SVC-5599-4.webp|https://www.cmedistribution.com.my/wp-content/uploads/2025/12/SVC-5599-5.webp|https://www.cmedistribution.com.my/wp-content/uploads/2025/12/SVC-5599-6.webp,SKU-RZUDW1,65
18KINDS 4MM Banana Plug 5V Power Cable Adaptor TYPE-C/USB,13.20,"Description Features: -Dual Input Interfaces: Supports both Type-C and USB-A inputs, compatible with 95% of the market chargers -Compact & Portable: No need for a desktop power supply, just use any standard USB charger -Versatile Output: 4mm banana head output enables connection with various accessories such as power cords, alligator clip cables, and more -Easy Maintenance: Simplifies power setup and equipment testing in electronics, DIY projects, and repairs",https://www.cmedistribution.com.my/wp-content/uploads/2025/12/SVC-5598-1.webp|https://www.cmedistribution.com.my/wp-content/uploads/2025/12/SVC-5598-2.webp|https://www.cmedistribution.com.my/wp-content/uploads/2025/12/SVC-5598-3.webp|https://www.cmedistribution.com.my/wp-content/uploads/2025/12/SVC-5598-4.webp|https://www.cmedistribution.com.my/wp-content/uploads/2025/12/SVC-5598-5.webp,SKU-HWQEAE,0
2UUL AS01 Technician’s Disposable Ashtray 20PCS/BOX,9.60,Description 2UUL AS01 Technician’s Disposable Ashtray 20PCS/BOX,https://www.cmedistribution.com.my/wp-content/uploads/2025/12/SVC-5590-1.webp|https://www.cmedistribution.com.my/wp-content/uploads/2025/12/SVC-5590-2.webp|https://www.cmedistribution.com.my/wp-content/uploads/2025/12/SVC-5590-3.webp|https://www.cmedistribution.com.my/wp-content/uploads/2025/12/SVC-5590-4.webp|https://www.cmedistribution.com.my/wp-content/uploads/2025/12/SVC-5590-5.webp|https://www.cmedistribution.com.my/wp-content/uploads/2025/12/SVC-5590-6.webp,SKU-YPLU56,47
"JCID-BOARD P15 BGA15X16 WIFI Activation Module (support 15PRO,15PROMAX WiFi chip)",438.00,"Description JCID-BOARD P15 BGA15X16 WIFI Activation Module (support 15PRO,15PROMAX WiFi chip)",https://www.cmedistribution.com.my/wp-content/uploads/2025/12/SVC-5597.jpg,SKU-6X7GIH,82
"JCID-BOARD V1SPRO BGA15X16 WIFI Activation Module (support 15PRO,15PROMAX WiFi chip)",438.00,"Description JCID-BOARD V1SPRO BGA15X16 WIFI Activation Module (support 15PRO,15PROMAX WiFi chip)",https://www.cmedistribution.com.my/wp-content/uploads/2025/12/SVC-5596.png,SKU-JCQFW5,47
KEGUAN E30 Camera Blue Light Non-Trace Adhesive Cleaning Glue (30ML),21.60,Description KEGUAN E30 Camera Blue Light Non-Trace Adhesive Cleaning Glue (30ML),https://www.cmedistribution.com.my/wp-content/uploads/2025/12/SVC-5601-1.jpg|https://www.cmedistribution.com.my/wp-content/uploads/2025/12/SVC-5601-2.jpg|https://www.cmedistribution.com.my/wp-content/uploads/2025/12/SVC-5601-3.jpg|https://www.cmedistribution.com.my/wp-content/uploads/2025/12/SVC-5601-4.jpg|https://www.cmedistribution.com.my/wp-content/uploads/2025/12/SVC-5601-5.jpg|https://www.cmedistribution.com.my/wp-content/uploads/2025/12/SVC-5601.jpg,SKU-9N81N2,26
Oppo Find N3-5G LCD Frame Bezel Inner Screen Plate,36.00,Description Product Specifications and Features: -Oppo Find N3-5G LCD Frame Bezel Inner Screen Plate -(NO WARRANTY),https://www.cmedistribution.com.my/wp-content/uploads/2025/12/OPPO-FIND-N3-LCD-FRAME.jpeg,SKU-LHO547,13
QUICK Steel Pipe Quartz for QUICK 857DW+ Accessories Replacement,42.00,Description QUICK Steel Pipe Quartz for QUICK 857DW+ Accessories Replacement,https://www.cmedistribution.com.my/wp-content/uploads/2025/12/SVC-5600.jpg,SKU-ZF0BY3,41
Realme GT 8-5G/GT 8 Pro-5G LCD ORI Full Set,576.00,Description Product Specifications and Features: -Realme GT 8-5G/GT 8 Pro-5G LCD ORI Full Set -Warranty 1 Month -Self Damage Will Be No Warranty,https://www.cmedistribution.com.my/wp-content/uploads/2025/12/REALME-GT-8-LCD-ORI-FS.jpeg,SKU-HQ87CY,47
XZZ Preheater Module for L2023 – SAM S20PLUS,42.00,Description XZZ Preheater Module for L2023 – SAM S20PLUS,https://www.cmedistribution.com.my/wp-content/uploads/2025/12/SVC-5581.jpg,SKU-HBBUTN,17
XZZ Preheater Module for L2023 – SAM S20ULTRA,42.00,Description XZZ Preheater Module for L2023 – SAM S20ULTRA,https://www.cmedistribution.com.my/wp-content/uploads/2025/12/SVC-5582.jpg,SKU-BXPIEI,14
XZZ Preheater Module for L2023 – SAM S21,42.00,Description XZZ Preheater Module for L2023 – SAM S21,https://www.cmedistribution.com.my/wp-content/uploads/2025/12/SVC-5583.jpg,SKU-D2QTND,61
XZZ Preheater Module for L2023 – SAM S22PLUS,42.00,Description XZZ Preheater Module for L2023 – SAM S22PLUS,https://www.cmedistribution.com.my/wp-content/uploads/2025/12/SVC-5584.jpg,SKU-9J1CIV,42
XZZ Preheater Module for L2023 – SAM S23,42.00,Description XZZ Preheater Module for L2023 – SAM S23,https://www.cmedistribution.com.my/wp-content/uploads/2025/12/SVC-5585.jpg,SKU-JBP0XT,21
XZZ Preheater Module for L2023 – SAM S23PLUS,42.00,Description XZZ Preheater Module for L2023 – SAM S23PLUS,https://www.cmedistribution.com.my/wp-content/uploads/2025/12/SVC-5586.jpg,SKU-V8IOHL,17
XZZ Preheater Module for L2023 – SAM ZFLIP5,42.00,Description XZZ Preheater Module for L2023 – SAM ZFLIP5,https://www.cmedistribution.com.my/wp-content/uploads/2025/12/SVC-5587.jpg,SKU-4JY3IK,11
XZZ Preheater Module for L2023 – SAM ZFLIP6,42.00,Description XZZ Preheater Module for L2023 – SAM ZFLIP6,https://www.cmedistribution.com.my/wp-content/uploads/2025/12/SVC-5588.jpg,SKU-UD2EWQ,28
XZZ Preheater Module for L2023 – SAM ZFOLD5,42.00,Description XZZ Preheater Module for L2023 – SAM ZFOLD5,https://www.cmedistribution.com.my/wp-content/uploads/2025/12/SVC-5589.jpg,SKU-4K5QN1,63
YCS 杨长顺 Torque Screwdriver 2D,30.00,Description YCS 杨长顺 Torque Screwdriver 2D 👉A TYPE +1.3 👉B TYPE Y0.7 👉D TYPE +2.5 👉E TYPE T2,https://www.cmedistribution.com.my/wp-content/uploads/2025/12/SVC-5591-4-1.webp|https://www.cmedistribution.com.my/wp-content/uploads/2025/12/SVC-5591-4-2.webp|https://www.cmedistribution.com.my/wp-content/uploads/2025/12/SVC-5591-4-3.webp|https://www.cmedistribution.com.my/wp-content/uploads/2025/12/SVC-5591-4-4.webp|https://www.cmedistribution.com.my/wp-content/uploads/2025/12/SVC-5591-4-5.webp,SKU-QO9Q38,75
鲁斑 LB TOOL Special Resistor Materials for Mobile Phone Repair,60.00,"Description Features: -Versatile & Customizable: Loose-leaf metal ring binding enables easy swapping and adding of resistor pages. -Durable & Reusable: Sturdy construction with strong clamps for reliable daily use. -Wide Range of Values: Includes resistors from low to high values, covering common specifications used in mobile phone repair. -Standardized Packaging: Resistors are clearly labeled and organized for quick identification and access. -Suitable for Multiple Users: Ideal for repair technicians, engineers, and students for testing, prototyping, and troubleshooting. -Includes capacitors and resistors: 01005: 14 models; 0201: 36 models; 0402: 1 model, 2 pieces; 0603: 1 model, 2 pieces; 0805: 1 model, 2 pieces",https://www.cmedistribution.com.my/wp-content/uploads/2025/12/SVC-5577-1.webp|https://www.cmedistribution.com.my/wp-content/uploads/2025/12/SVC-5577-2.webp|https://www.cmedistribution.com.my/wp-content/uploads/2025/12/SVC-5577-3.webp|https://www.cmedistribution.com.my/wp-content/uploads/2025/12/SVC-5577-4.webp|https://www.cmedistribution.com.my/wp-content/uploads/2025/12/SVC-5577-5.webp|https://www.cmedistribution.com.my/wp-content/uploads/2025/12/SVC-5577-6.webp,SKU-1IHDTG,77
Honor Magic V-5G LCD Frame Bezel Inner Screen Plate,38.40,Description Product Specifications and Features: -Honor Magic V-5G LCD Frame Bezel Inner Screen Plate -(NO WARRANTY),https://www.cmedistribution.com.my/wp-content/uploads/2025/12/HONOR-MAGIC-V-LCD-FRAME.jpg,SKU-4I589E,25
Honor Magic V Flip-5G LCD Frame Bezel Inner Screen Plate,45.60,Description Product Specifications and Features: -Honor Magic V Flip-5G LCD Frame Bezel Inner Screen Plate -(NO WARRANTY),https://www.cmedistribution.com.my/wp-content/uploads/2025/12/HONOR-MAGIC-V-FLIP-LCD-FRAME-100x100.jpg|https://www.cmedistribution.com.my/wp-content/uploads/2025/12/HONOR-MAGIC-V-FLIP-LCD-FRAME-1024x1024.jpg|https://www.cmedistribution.com.my/wp-content/uploads/2025/12/HONOR-MAGIC-V-FLIP-LCD-FRAME-150x150.jpg|https://www.cmedistribution.com.my/wp-content/uploads/2025/12/HONOR-MAGIC-V-FLIP-LCD-FRAME-300x300.jpg|https://www.cmedistribution.com.my/wp-content/uploads/2025/12/HONOR-MAGIC-V-FLIP-LCD-FRAME-350x350.jpg|https://www.cmedistribution.com.my/wp-content/uploads/2025/12/HONOR-MAGIC-V-FLIP-LCD-FRAME-600x600.jpg|https://www.cmedistribution.com.my/wp-content/uploads/2025/12/HONOR-MAGIC-V-FLIP-LCD-FRAME-768x768.jpg|https://www.cmedistribution.com.my/wp-content/uploads/2025/12/HONOR-MAGIC-V-FLIP-LCD-FRAME.jpg,SKU-KDS1ZU,88
Honor Magic V2-5G LCD Frame Bezel Inner Screen Plate,31.20,Description Product Specifications and Features: -Honor Magic V2-5G LCD Frame Bezel Inner Screen Plate -(NO WARRANTY),https://www.cmedistribution.com.my/wp-content/uploads/2025/12/HONOR-MAGIC-V2-LCD-FRAME.jpg,SKU-10ADG4,0
Honor Magic V3-5G LCD Frame Bezel Inner Screen Plate,31.20,Description Product Specifications and Features: -Honor Magic V3-5G LCD Frame Bezel Inner Screen Plate -(NO WARRANTY),https://www.cmedistribution.com.my/wp-content/uploads/2025/12/HONOR-MAGIC-V3-LCD-FRAME.jpg,SKU-PBEV1J,11
Honor Magic VS2-5G LCD Frame Bezel Inner Screen Plate,45.60,Description Product Specifications and Features: -Honor Magic VS2-5G LCD Frame Bezel Inner Screen Plate -(NO WARRANTY),https://www.cmedistribution.com.my/wp-content/uploads/2025/12/HONOR-MAGIC-VS2-LCD-FRAME-100x100.jpg|https://www.cmedistribution.com.my/wp-content/uploads/2025/12/HONOR-MAGIC-VS2-LCD-FRAME-1024x1024.jpg|https://www.cmedistribution.com.my/wp-content/uploads/2025/12/HONOR-MAGIC-VS2-LCD-FRAME-150x150.jpg|https://www.cmedistribution.com.my/wp-content/uploads/2025/12/HONOR-MAGIC-VS2-LCD-FRAME-300x300.jpg|https://www.cmedistribution.com.my/wp-content/uploads/2025/12/HONOR-MAGIC-VS2-LCD-FRAME-350x350.jpg|https://www.cmedistribution.com.my/wp-content/uploads/2025/12/HONOR-MAGIC-VS2-LCD-FRAME-600x600.jpg|https://www.cmedistribution.com.my/wp-content/uploads/2025/12/HONOR-MAGIC-VS2-LCD-FRAME-768x768.jpg|https://www.cmedistribution.com.my/wp-content/uploads/2025/12/HONOR-MAGIC-VS2-LCD-FRAME.jpg,SKU-J2NFM6,77
Honor Magic VS3-5G LCD Frame Bezel Inner Screen Plate,31.20,Description Product Specifications and Features: -Honor Magic VS3-5G LCD Frame Bezel Inner Screen Plate -(NO WARRANTY),https://www.cmedistribution.com.my/wp-content/uploads/2025/12/HONOR-MAGIC-VS3-LCD-FRAME-100x100.jpg|https://www.cmedistribution.com.my/wp-content/uploads/2025/12/HONOR-MAGIC-VS3-LCD-FRAME-1024x1024.jpg|https://www.cmedistribution.com.my/wp-content/uploads/2025/12/HONOR-MAGIC-VS3-LCD-FRAME-150x150.jpg|https://www.cmedistribution.com.my/wp-content/uploads/2025/12/HONOR-MAGIC-VS3-LCD-FRAME-300x300.jpg|https://www.cmedistribution.com.my/wp-content/uploads/2025/12/HONOR-MAGIC-VS3-LCD-FRAME-350x350.jpg|https://www.cmedistribution.com.my/wp-content/uploads/2025/12/HONOR-MAGIC-VS3-LCD-FRAME-600x600.jpg|https://www.cmedistribution.com.my/wp-content/uploads/2025/12/HONOR-MAGIC-VS3-LCD-FRAME-768x768.jpg|https://www.cmedistribution.com.my/wp-content/uploads/2025/12/HONOR-MAGIC-VS3-LCD-FRAME.jpg,SKU-HULKLR,4
Infinix GT 30 Pro-5G X6873 Camera Lens,3.60,Description Product Specifications and Features: -Infinix GT 30 Pro-5G X6873 Camera Lens,https://www.cmedistribution.com.my/wp-content/uploads/2025/12/INFINIX-GT-30-PRO-CAM-LENS.jpg,SKU-H4FT6O,65
KEGUAN Technology L1-L6 Full set Rear Camera Blue Light Repair Fixture Mold,45.60,Description KEGUAN Technology L1-L6 Full set Rear Camera Blue Light Repair Fixture Mold,https://www.cmedistribution.com.my/wp-content/uploads/2025/12/SVC-5579-1-100x100.jpg|https://www.cmedistribution.com.my/wp-content/uploads/2025/12/SVC-5579-1-1024x1024.jpg|https://www.cmedistribution.com.my/wp-content/uploads/2025/12/SVC-5579-1-150x150.jpg|https://www.cmedistribution.com.my/wp-content/uploads/2025/12/SVC-5579-1-300x300.jpg|https://www.cmedistribution.com.my/wp-content/uploads/2025/12/SVC-5579-1-350x350.jpg|https://www.cmedistribution.com.my/wp-content/uploads/2025/12/SVC-5579-1-600x600.jpg|https://www.cmedistribution.com.my/wp-content/uploads/2025/12/SVC-5579-1-768x768.jpg|https://www.cmedistribution.com.my/wp-content/uploads/2025/12/SVC-5579-1.jpg,SKU-SF8ZII,85
Oppo A3 Pro Ribbon Fingerprint + On Off Button Switch,15.60,Description Product Specifications and Features: -Oppo A3 Pro Ribbon Fingerprint + On Off Button Switch,https://www.cmedistribution.com.my/wp-content/uploads/2025/12/OPPO-A3-PRO-RB-FINGER.jpg,SKU-SF8R3D,26
Oppo F21 Pro On Off + Volume Button,3.60,Description Product Specifications and Features: -Oppo F21 Pro On Off + Volume Button,https://www.cmedistribution.com.my/wp-content/uploads/2025/12/OPPO-F21-PRO-OF-BUT.jpeg,SKU-I62SOL,89
Oppo Find X8-5G (ORI Used) Charging Board + Sim Holder,33.60,Description Product Specifications and Features: -Oppo Find X8-5G (ORI Used) Charging Board + Sim Holder,https://www.cmedistribution.com.my/wp-content/uploads/2025/12/OPPO-FIND-X8-ORI-CC-BOARD.jpg,SKU-BTJEOR,54
Power IC PM8550BHS-001,7.20,Description Product Specifications and Features: -Power IC PM8550BHS-001,https://www.cmedistribution.com.my/wp-content/uploads/2025/12/POWER-IC-PM8550BHS-001.jpg,SKU-XUMYRZ,17
RF IC MT6195W,7.20,Description Product Specifications and Features: -RF IC MT6195W,https://www.cmedistribution.com.my/wp-content/uploads/2025/12/RF-IC-MT6195W.jpg,SKU-YJPBYW,13
SM A56-5G A566 Buzzer Full Set,9.60,Description Product Specifications and Features: -SM A56-5G A566 Buzzer Full Set,https://www.cmedistribution.com.my/wp-content/uploads/2023/06/REDMI-4X-scaled-1-54x54.jpg|https://www.cmedistribution.com.my/wp-content/uploads/2023/06/REDMI-4X-scaled-1.jpg|https://www.cmedistribution.com.my/wp-content/uploads/2025/12/SAM-A56-5G-BUZ-FS-100x100.jpeg|https://www.cmedistribution.com.my/wp-content/uploads/2025/12/SAM-A56-5G-BUZ-FS-1024x1024.jpeg|https://www.cmedistribution.com.my/wp-content/uploads/2025/12/SAM-A56-5G-BUZ-FS-150x150.jpeg|https://www.cmedistribution.com.my/wp-content/uploads/2025/12/SAM-A56-5G-BUZ-FS-300x300.jpeg|https://www.cmedistribution.com.my/wp-content/uploads/2025/12/SAM-A56-5G-BUZ-FS-350x350.jpeg|https://www.cmedistribution.com.my/wp-content/uploads/2025/12/SAM-A56-5G-BUZ-FS-600x600.jpeg|https://www.cmedistribution.com.my/wp-content/uploads/2025/12/SAM-A56-5G-BUZ-FS-768x768.jpeg|https://www.cmedistribution.com.my/wp-content/uploads/2025/12/SAM-A56-5G-BUZ-FS.jpeg,SKU-B63G42,68
Vivo X100 Pro Camera Lens + Frame,36.00,Description Product Specifications and Features: -Vivo X100 Pro Camera Lens + Frame,https://www.cmedistribution.com.my/wp-content/uploads/2025/12/VIVO-X100-PRO-CAM-LENS-FRAME.jpeg,SKU-OKITFY,70
Vivo X100 Pro Camera Lens,6.00,Description Product Specifications and Features: -Vivo X100 Pro Camera Lens,https://www.cmedistribution.com.my/wp-content/uploads/2025/12/VIVO-X100-PRO-CAM-LENS.jpeg,SKU-EUAO5D,47
WL Motherboard Delamination Heating Module 17 Series 4-IN-1 Module,282.00,Description WL Motherboard Delamination Heating Module 17 Series 4-IN-1 Module,https://www.cmedistribution.com.my/wp-content/uploads/2025/12/SVC-5578.jpeg|https://www.cmedistribution.com.my/wp-content/uploads/2025/12/SVC-5578.webp,SKU-OE9ENZ,93
WXY 微芯源 Solder Paste 40G,14.40,Description WXY 微芯源 Solder Paste 40G 👉TB4258 138°C 👉TB6337 183°C,https://www.cmedistribution.com.my/wp-content/uploads/2025/12/SVC-5575-6-1-100x100.jpg|https://www.cmedistribution.com.my/wp-content/uploads/2025/12/SVC-5575-6-1-1024x1024.jpg|https://www.cmedistribution.com.my/wp-content/uploads/2025/12/SVC-5575-6-1-150x150.jpg|https://www.cmedistribution.com.my/wp-content/uploads/2025/12/SVC-5575-6-1-300x300.jpg|https://www.cmedistribution.com.my/wp-content/uploads/2025/12/SVC-5575-6-1-350x350.jpg|https://www.cmedistribution.com.my/wp-content/uploads/2025/12/SVC-5575-6-1-600x600.jpg|https://www.cmedistribution.com.my/wp-content/uploads/2025/12/SVC-5575-6-1-768x768.jpg|https://www.cmedistribution.com.my/wp-content/uploads/2025/12/SVC-5575-6-1.jpg|https://www.cmedistribution.com.my/wp-content/uploads/2025/12/SVC-5575-6-2-100x100.jpg|https://www.cmedistribution.com.my/wp-content/uploads/2025/12/SVC-5575-6-2-1024x1024.jpg|https://www.cmedistribution.com.my/wp-content/uploads/2025/12/SVC-5575-6-2-150x150.jpg|https://www.cmedistribution.com.my/wp-content/uploads/2025/12/SVC-5575-6-2-300x300.jpg|https://www.cmedistribution.com.my/wp-content/uploads/2025/12/SVC-5575-6-2-350x350.jpg|https://www.cmedistribution.com.my/wp-content/uploads/2025/12/SVC-5575-6-2-600x600.jpg|https://www.cmedistribution.com.my/wp-content/uploads/2025/12/SVC-5575-6-2-768x768.jpg|https://www.cmedistribution.com.my/wp-content/uploads/2025/12/SVC-5575-6-2.jpg|https://www.cmedistribution.com.my/wp-content/uploads/2025/12/SVC-5575-6-3-100x100.jpg|https://www.cmedistribution.com.my/wp-content/uploads/2025/12/SVC-5575-6-3-1024x1024.jpg|https://www.cmedistribution.com.my/wp-content/uploads/2025/12/SVC-5575-6-3-150x150.jpg|https://www.cmedistribution.com.my/wp-content/uploads/2025/12/SVC-5575-6-3-300x300.jpg|https://www.cmedistribution.com.my/wp-content/uploads/2025/12/SVC-5575-6-3-350x350.jpg|https://www.cmedistribution.com.my/wp-content/uploads/2025/12/SVC-5575-6-3-600x600.jpg|https://www.cmedistribution.com.my/wp-content/uploads/2025/12/SVC-5575-6-3-768x768.jpg|https://www.cmedistribution.com.my/wp-content/uploads/2025/12/SVC-5575-6-3.jpg|https://www.cmedistribution.com.my/wp-content/uploads/2025/12/SVC-5575-6-4-100x100.jpg|https://www.cmedistribution.com.my/wp-content/uploads/2025/12/SVC-5575-6-4-1024x1024.jpg|https://www.cmedistribution.com.my/wp-content/uploads/2025/12/SVC-5575-6-4-150x150.jpg|https://www.cmedistribution.com.my/wp-content/uploads/2025/12/SVC-5575-6-4-300x300.jpg|https://www.cmedistribution.com.my/wp-content/uploads/2025/12/SVC-5575-6-4-350x350.jpg|https://www.cmedistribution.com.my/wp-content/uploads/2025/12/SVC-5575-6-4-600x600.jpg|https://www.cmedistribution.com.my/wp-content/uploads/2025/12/SVC-5575-6-4-768x768.jpg|https://www.cmedistribution.com.my/wp-content/uploads/2025/12/SVC-5575-6-4.jpg|https://www.cmedistribution.com.my/wp-content/uploads/2025/12/SVC-5575-6-5-100x100.jpg|https://www.cmedistribution.com.my/wp-content/uploads/2025/12/SVC-5575-6-5-1024x1024.jpg|https://www.cmedistribution.com.my/wp-content/uploads/2025/12/SVC-5575-6-5-150x150.jpg|https://www.cmedistribution.com.my/wp-content/uploads/2025/12/SVC-5575-6-5-300x300.jpg|https://www.cmedistribution.com.my/wp-content/uploads/2025/12/SVC-5575-6-5-350x350.jpg|https://www.cmedistribution.com.my/wp-content/uploads/2025/12/SVC-5575-6-5-600x600.jpg|https://www.cmedistribution.com.my/wp-content/uploads/2025/12/SVC-5575-6-5-768x768.jpg|https://www.cmedistribution.com.my/wp-content/uploads/2025/12/SVC-5575-6-5.jpg,SKU-6IH32U,93
XZZ Preheater Module for L2023 – SAM S20,42.00,Description XZZ Preheater Module for L2023 – SAM S20,https://www.cmedistribution.com.my/wp-content/uploads/2025/12/SVC-5580.jpg,SKU-ZK09KC,9
GERMANY LCD Separate Diamond Wire 0.02MM,4.80,Description GERMANY LCD Separate Diamond Wire 0.02MM,https://www.cmedistribution.com.my/wp-content/uploads/2025/12/SVC-5571.jpeg,SKU-K91KMA,60
HAOYI LCD Separate Diamond Wire 0.025MM,4.80,Description HAOYI LCD Separate Diamond Wire 0.025MM,https://www.cmedistribution.com.my/wp-content/uploads/2025/12/SVC-5573-100x100.jpeg|https://www.cmedistribution.com.my/wp-content/uploads/2025/12/SVC-5573-150x150.jpeg|https://www.cmedistribution.com.my/wp-content/uploads/2025/12/SVC-5573-300x300.jpeg|https://www.cmedistribution.com.my/wp-content/uploads/2025/12/SVC-5573-350x350.jpeg|https://www.cmedistribution.com.my/wp-content/uploads/2025/12/SVC-5573-600x600.jpeg|https://www.cmedistribution.com.my/wp-content/uploads/2025/12/SVC-5573-768x768.jpeg|https://www.cmedistribution.com.my/wp-content/uploads/2025/12/SVC-5573.jpeg,SKU-UH1SVR,73
Infinix GT 20 Pro-5G X6871/Note 40-4G X6853/Tecno Camon 30 Pro CL8 LCD OLED Full Set,168.00,Description Product Specifications and Features: -Infinix GT 20 Pro-5G X6871/Note 40-4G X6853/Tecno Camon 30 Pro CL8 LCD OLED Full Set -Warranty 1 Month -Self Damage Will Be No Warranty,https://www.cmedistribution.com.my/wp-content/uploads/2025/12/INF-GT-20-PRO-LCD-OLED-FS-100x100.jpg|https://www.cmedistribution.com.my/wp-content/uploads/2025/12/INF-GT-20-PRO-LCD-OLED-FS-1024x1024.jpg|https://www.cmedistribution.com.my/wp-content/uploads/2025/12/INF-GT-20-PRO-LCD-OLED-FS-150x150.jpg|https://www.cmedistribution.com.my/wp-content/uploads/2025/12/INF-GT-20-PRO-LCD-OLED-FS-300x300.jpg|https://www.cmedistribution.com.my/wp-content/uploads/2025/12/INF-GT-20-PRO-LCD-OLED-FS-350x350.jpg|https://www.cmedistribution.com.my/wp-content/uploads/2025/12/INF-GT-20-PRO-LCD-OLED-FS-600x600.jpg|https://www.cmedistribution.com.my/wp-content/uploads/2025/12/INF-GT-20-PRO-LCD-OLED-FS-768x768.jpg|https://www.cmedistribution.com.my/wp-content/uploads/2025/12/INF-GT-20-PRO-LCD-OLED-FS.jpg,SKU-DOXROL,51
iQOO Z10 Turbo Pro-5G/Z10 Turbo-5G/Z10 Turbo Plus-5G LCD ORI Full Set,354.00,Description Product Specifications and Features: -iQOO Z10 Turbo Pro-5G/Z10 Turbo-5G/Z10 Turbo Plus-5G LCD ORI Full Set -Warranty 1 Month -Self Damage Will Be No Warranty,https://www.cmedistribution.com.my/wp-content/uploads/2025/12/IQOO-Z10-TURBO-LCD-ORI-FS-100x100.jpg|https://www.cmedistribution.com.my/wp-content/uploads/2025/12/IQOO-Z10-TURBO-LCD-ORI-FS-1024x1024.jpg|https://www.cmedistribution.com.my/wp-content/uploads/2025/12/IQOO-Z10-TURBO-LCD-ORI-FS-150x150.jpg|https://www.cmedistribution.com.my/wp-content/uploads/2025/12/IQOO-Z10-TURBO-LCD-ORI-FS-300x300.jpg|https://www.cmedistribution.com.my/wp-content/uploads/2025/12/IQOO-Z10-TURBO-LCD-ORI-FS-350x350.jpg|https://www.cmedistribution.com.my/wp-content/uploads/2025/12/IQOO-Z10-TURBO-LCD-ORI-FS-600x600.jpg|https://www.cmedistribution.com.my/wp-content/uploads/2025/12/IQOO-Z10-TURBO-LCD-ORI-FS-768x768.jpg|https://www.cmedistribution.com.my/wp-content/uploads/2025/12/IQOO-Z10-TURBO-LCD-ORI-FS.jpg,SKU-GEOAI3,82
MECHANIC Power Max Power Boot Cable Phone & Android 17 Series,54.00,"Description Features: -Mechanic Power Max power cable, intelligent anti-burning, matches the cable buckle and it will work, support various models -The power terminal adopts the 8+14 cable buckle program, and the battery seat is compatible with the corresponding cable buckles and can be used -Built-in identification resistance simulates temperature, recognizable battery current/voltage, simulates battery signal to make the phone recognize the battery information -Auto-disconnect input over-voltage 12V prevents the mobile phone from being burned by high-voltage",https://www.cmedistribution.com.my/wp-content/uploads/2025/12/SVC-5574-1.webp|https://www.cmedistribution.com.my/wp-content/uploads/2025/12/SVC-5574-2.webp|https://www.cmedistribution.com.my/wp-content/uploads/2025/12/SVC-5574-3.webp|https://www.cmedistribution.com.my/wp-content/uploads/2025/12/SVC-5574-4.webp|https://www.cmedistribution.com.my/wp-content/uploads/2025/12/SVC-5574-5.webp,SKU-9LX8J4,100
Phone 13/13Mini/13Pro/13ProMax (512G) NAND Flash Hard Disk IC,246.00,Description Product Specifications and Features: -Phone 13/13Mini/13Pro/13ProMax (512G) NAND Flash Hard Disk IC,https://www.cmedistribution.com.my/wp-content/uploads/2025/12/Screenshot-2025-12-15-152500-100x100.jpg|https://www.cmedistribution.com.my/wp-content/uploads/2025/12/Screenshot-2025-12-15-152500-150x150.jpg|https://www.cmedistribution.com.my/wp-content/uploads/2025/12/Screenshot-2025-12-15-152500-300x300.jpg|https://www.cmedistribution.com.my/wp-content/uploads/2025/12/Screenshot-2025-12-15-152500-350x350.jpg|https://www.cmedistribution.com.my/wp-content/uploads/2025/12/Screenshot-2025-12-15-152500-600x600.jpg|https://www.cmedistribution.com.my/wp-content/uploads/2025/12/Screenshot-2025-12-15-152500.jpg,SKU-7WM7WB,90
"PXD Pro 11″ (M5,2025) LCD ORI Full Set",4068.00,"Description Product Specifications and Features: -PXD Pro 11″ (M5,2025) LCD ORI Full Set -Warranty 1 Month -Self Damage Will Be No Warranty",https://www.cmedistribution.com.my/wp-content/uploads/2025/12/IPAD-PRO-11-2025-LCD-ORI-FS.jpg,SKU-64VWBZ,93
"PXD Pro 13″ (M5,2025) LCD ORI Full Set",4068.00,"Description Product Specifications and Features: -PXD Pro 13″ (M5,2025) LCD ORI Full Set -Warranty 1 Month -Self Damage Will Be No Warranty",https://www.cmedistribution.com.my/wp-content/uploads/2025/12/IPAD-PRO-13-2025-LCD-ORI-FS.jpg,SKU-8T9X8E,77
"Realme C85 (4G,5G)/ Oppo A6X (4G,5G)/Realme 15X-5G India LCD ORI Full Set",55.20,"Description Product Specifications and Features: -Realme C85 (4G,5G)/ Oppo A6X (4G,5G)/Realme 15X-5G India LCD ORI Full Set -Warranty 1 Month -Self Damage Will Be No Warranty",https://www.cmedistribution.com.my/wp-content/uploads/2025/12/REALME-C85-LCD-ORI-FS.jpg,SKU-IS7PLE,24
SM S24 Ultra-5G LCD ORI Full Set + Frame,1056.00,Description Product Specifications and Features: -SM S24 Ultra-5G LCD ORI Full Set + Frame -Warranty 1 Month -Self Damage Will Be No Warranty,https://www.cmedistribution.com.my/wp-content/uploads/2025/12/SM-S24-ULTRA-LCD-ORI-FS-FRM.jpg,SKU-X7YG60,76
SM S25 Plus-5G LCD ORI Full Set + Frame,804.00,Description Product Specifications and Features: -SM S25 Plus-5G LCD ORI Full Set + Frame -Warranty 1 Month -Self Damage Will Be No Warranty,https://www.cmedistribution.com.my/wp-content/uploads/2025/12/SM-S25-PLUS-LCD-ORI-FS-FRM.jpg,SKU-XDAZ6R,67
SM S25 Ultra-5G LCD ORI Full Set + Frame,1056.00,Description Product Specifications and Features: -SM S25 Ultra-5G LCD ORI Full Set + Frame -Warranty 1 Month -Self Damage Will Be No Warranty,https://www.cmedistribution.com.my/wp-content/uploads/2025/12/SM-S25-ULTRA-LCD-ORI-FS-FRM.jpg,SKU-5P2QMK,80
Ultra Strong Steel LCD Separate Wire 0.03MM,4.80,Description Ultra Strong Steel LCD Separate Wire 0.03MM,https://www.cmedistribution.com.my/wp-content/uploads/2025/12/SVC-5572.png,SKU-0WVXC6,46
XZZ SAM S23 Middle Layer Tin Plating Positioning Plate + Stencil,55.20,Description XZZ SAM S23 Middle Layer Tin Plating Positioning Plate + Stencil,https://www.cmedistribution.com.my/wp-content/uploads/2025/12/SVC-5564.jpg,SKU-MOUXUC,51
XZZ SAM S23PLUS Middle Layer Tin Plating Positioning Plate + Stencil,55.20,Description XZZ SAM S23PLUS Middle Layer Tin Plating Positioning Plate + Stencil,https://www.cmedistribution.com.my/wp-content/uploads/2025/12/SVC-5565.jpg,SKU-710EVY,40
XZZ SAM S23ULTRA Middle Layer Tin Plating Positioning Plate + Stencil,55.20,Description XZZ SAM S23ULTRA Middle Layer Tin Plating Positioning Plate + Stencil,https://www.cmedistribution.com.my/wp-content/uploads/2025/12/SVC-5566.jpg,SKU-PYFPAV,50
XZZ SAM S24 Middle Layer Tin Plating Positioning Plate + Stencil,55.20,Description XZZ SAM S24 Middle Layer Tin Plating Positioning Plate + Stencil,https://www.cmedistribution.com.my/wp-content/uploads/2025/12/SVC-5567.jpg,SKU-UQDOTM,41
XZZ SAM S24PLUS Middle Layer Tin Plating Positioning Plate + Stencil,55.20,Description XZZ SAM S24PLUS Middle Layer Tin Plating Positioning Plate + Stencil,https://www.cmedistribution.com.my/wp-content/uploads/2025/12/SVC-5568.jpg,SKU-4BHS1G,25
XZZ SAM S24ULTRA Middle Layer Tin Plating Positioning Plate + Stencil,55.20,Description XZZ SAM S24ULTRA Middle Layer Tin Plating Positioning Plate + Stencil,https://www.cmedistribution.com.my/wp-content/uploads/2025/12/SVC-5569.jpg,SKU-FCFH9I,4
XZZ SAM S25ULTRA Middle Layer Tin Plating Positioning Plate + Stencil,55.20,Description XZZ SAM S25ULTRA Middle Layer Tin Plating Positioning Plate + Stencil,https://www.cmedistribution.com.my/wp-content/uploads/2025/12/SVC-5570.jpg,SKU-3ASLVZ,37
AIXUN Preheater Module 17,60.00,Description AIXUN Preheater Module 17,https://www.cmedistribution.com.my/wp-content/uploads/2025/12/SVC-5546.webp,SKU-Z2CUKH,100
AIXUN Preheater Module 17AIR,60.00,Description AIXUN Preheater Module 17AIR,https://www.cmedistribution.com.my/wp-content/uploads/2025/12/SVC-5547.webp,SKU-BNH69W,54
AIXUN Preheater Module 17PRO/PROMAX,60.00,Description AIXUN Preheater Module 17PRO/PROMAX,https://www.cmedistribution.com.my/wp-content/uploads/2025/12/SVC-5548.webp,SKU-K2YCYC,4
AY-BOARD AY Repair 15 Series Rear Camera / Lidar Repair Module A108,66.00,Description AY-BOARD AY Repair 15 Series Rear Camera / Lidar Repair Module A108,https://www.cmedistribution.com.my/wp-content/uploads/2025/12/SVC-5545.jpeg,SKU-W8ZUYK,44
LANRUI P08 High-Temperature Resistant Explosion-Proof Solder Tin Gasket,6.60,"Description Features: -Lanrui P08 explosion-proof tin gasket: The tin-worthy steel mesh does not bulge or explode -It’s easy to value tin without splashing. Without protection, when tinning, there are oxide spots under the pads, making it difficult to apply solder. When tinning, the steel mesh bulged, causing the solder balls to blow out in small spots or the solder to burst -Ultra-clear glass has high heat resistance/Ultra-clear glass is impact-resistant",https://www.cmedistribution.com.my/wp-content/uploads/2025/12/SVC-5554-1.webp|https://www.cmedistribution.com.my/wp-content/uploads/2025/12/SVC-5554-2.webp|https://www.cmedistribution.com.my/wp-content/uploads/2025/12/SVC-5554-3.webp|https://www.cmedistribution.com.my/wp-content/uploads/2025/12/SVC-5554-4.webp|https://www.cmedistribution.com.my/wp-content/uploads/2025/12/SVC-5554-5.webp|https://www.cmedistribution.com.my/wp-content/uploads/2025/12/SVC-5554-6.webp|https://www.cmedistribution.com.my/wp-content/uploads/2025/12/SVC-5554-7.webp,SKU-VP9IHU,23
MECHANIC PD10 Pneumatic Glue Dispenser Compatible 10CC/30CC,74.40,"Description Features: -Precision in your grip smooth, dispensing from start to finish: Lightweight design, comfortable to hold, reduces fatigue during long-term use -Simple operation easy for beginners to master, acts as a flexible and reliable “third hand” on your production line -Starts instantly,delivering consistent and stable adhesive flow like smooth,effortless writing with full, even lines -Auto air release and retraction technology quickly pulls back adhesive at the end of dispensing, completely eliminating tails, strings, and drips for a clean, perfect finish compatible with different liquid types, highly versatile, easily handles UV glue, sealants, adhesives, and more -The machine has only one power button, plus a battery indicator and a 3-level gear indicator. Users can start with ease-simple, clear, compact in design -Built-in micro high-pressure air pump, no more bulky external air sources. Ready to use for mobile phone repair, turn on and start glue removal quickly. Equipped with a 1200mAh rechargeable lithium battery for long continuous operation",https://www.cmedistribution.com.my/wp-content/uploads/2025/12/SVC-5551-1.webp|https://www.cmedistribution.com.my/wp-content/uploads/2025/12/SVC-5551-2.webp|https://www.cmedistribution.com.my/wp-content/uploads/2025/12/SVC-5551-3.webp|https://www.cmedistribution.com.my/wp-content/uploads/2025/12/SVC-5551-4.webp|https://www.cmedistribution.com.my/wp-content/uploads/2025/12/SVC-5551-5.webp|https://www.cmedistribution.com.my/wp-content/uploads/2025/12/SVC-5551-6.webp|https://www.cmedistribution.com.my/wp-content/uploads/2025/12/SVC-5551-7.webp,SKU-2Q9JPM,60
Oppo Find X9-5G LCD ORI Full Set,318.00,Description Product Specifications and Features: -Oppo Find X9-5G LCD ORI Full Set -Warranty 1 Month -Self Damage Will Be No Warranty,https://www.cmedistribution.com.my/wp-content/uploads/2025/12/OPPO-FIND-X9-LCD-ORI-FS.jpg,SKU-R96IXR,19
Oppo Find X9 Pro-5G LCD ORI Full Set,444.00,Description Product Specifications and Features: -Oppo Find X9 Pro-5G LCD ORI Full Set -Warranty 1 Month -Self Damage Will Be No Warranty,https://www.cmedistribution.com.my/wp-content/uploads/2025/12/OPPO-FIND-X9-PRO-LCD-ORI-FS.jpg,SKU-F9J5TG,31
SANHEKING Tornado OCA Remover Machine,132.00,Description SANHEKING Tornado OCA Remover Machine,https://www.cmedistribution.com.my/wp-content/uploads/2025/12/SVC-5552-1.webp|https://www.cmedistribution.com.my/wp-content/uploads/2025/12/SVC-5552-2.webp|https://www.cmedistribution.com.my/wp-content/uploads/2025/12/SVC-5552-4.webp|https://www.cmedistribution.com.my/wp-content/uploads/2025/12/SVC-5552-5.webp,SKU-OPT1F0,29
SUNSHINE SS-916 ULTRA V3.0 Smart Phone Battery Fast Charging and Activated Board,72.00,"Description Features: -SS-916 Ultra charging activation fixture, supports 8-17 series, Android system battery plug and charge, 5-9V adaptive voltage -Adaptive 9V Charging: Adjust the power supply to 9V to support 9V battery charging without manual setting -Intelligent Identification Of Positive and Negative Poles: The automatic identification circuit will automatically adjust the output voltage and current according to the positive and negative poles of the battery, and provide automatic high-current fast charging -Compatible with PHONE/Android: 28 commonly used sockets, the same battery holder can be buckled and used, suitable for Android (including Transsion series) 500+models/iPhone 8G-17PM full series, more applicable -Real-time Detection of Current/Voltage Digital Display: No external power supply is required, just plug in the battery to check the voltage; accurately detect the real-time output voltage and current values of the activation board, and measure the empty/load voltage of the USB-powered device -Automatic Light Turns on When Fully Charged: When the battery is fully charged, the circuit will determine whether the battery is fully charged, and automatically cut off the power supply, and the red light will turn into a blue light to prevent damage to the battery due to overcharging -Snap it on and use: Connect the power supply, click the number to activate charging (The light on the small board will light up when the battery is clicked. When charging, first adjust the power meter to 3V voltage (if the power meter is directly 5V, the meter will be protected) and slowly increase the voltage to 5V.) -Intelligent battery protection: One-touch battery activation/voltage detection/short circuit protection/upgraded high-current intelligent fast charging IC -High-power overload protection: The protection current does not exceed 2A. When high voltage is connected, the protection board will automatically cut off the power supply to avoid loss, and normal operation can be restored after 1 minute -Voltage and current meter: During the repair of mobile phones, power can be connected through USB, and the voltage and current of the charger can be accurately detected. The voltage of the USB power supply device when it is empty/loaded, and the load current of the USB terminal device when it is working, can be measured",https://www.cmedistribution.com.my/wp-content/uploads/2025/12/SVC-5553-1.webp|https://www.cmedistribution.com.my/wp-content/uploads/2025/12/SVC-5553-2.webp|https://www.cmedistribution.com.my/wp-content/uploads/2025/12/SVC-5553-3.webp|https://www.cmedistribution.com.my/wp-content/uploads/2025/12/SVC-5553-4.webp|https://www.cmedistribution.com.my/wp-content/uploads/2025/12/SVC-5553-5.webp|https://www.cmedistribution.com.my/wp-content/uploads/2025/12/SVC-5553-6.webp|https://www.cmedistribution.com.my/wp-content/uploads/2025/12/SVC-5553-7.webp|https://www.cmedistribution.com.my/wp-content/uploads/2025/12/SVC-5553-8.webp|https://www.cmedistribution.com.my/wp-content/uploads/2025/12/SVC-5553-9.webp,SKU-X3AFM9,61
XZZ C6 Universal Magnetic Base for Positioning Board,66.00,Description XZZ C6 Universal Magnetic Base for Positioning Board,https://www.cmedistribution.com.my/wp-content/uploads/2025/12/SVC-5555.jpg,SKU-LP6YAM,97
XZZ SAM S20 Middle Layer Tin Plating Positioning Plate + Stencil,55.20,Description XZZ SAM S20 Middle Layer Tin Plating Positioning Plate + Stencil,https://www.cmedistribution.com.my/wp-content/uploads/2025/12/SVC-5556.jpg,SKU-AW123G,18
XZZ SAM S20PLUS Middle Layer Tin Plating Positioning Plate + Stencil,55.20,Description XZZ SAM S20PLUS Middle Layer Tin Plating Positioning Plate + Stencil,https://www.cmedistribution.com.my/wp-content/uploads/2025/12/SVC-5557.jpg,SKU-SU7IKK,77
XZZ SAM S21 Middle Layer Tin Plating Positioning Plate + Stencil,55.20,Description XZZ SAM S21 Middle Layer Tin Plating Positioning Plate + Stencil,https://www.cmedistribution.com.my/wp-content/uploads/2025/12/SVC-5558.jpg,SKU-QV44TA,14
XZZ SAM S21PLUS Middle Layer Tin Plating Positioning Plate + Stencil,55.20,Description XZZ SAM S21PLUS Middle Layer Tin Plating Positioning Plate + Stencil,https://www.cmedistribution.com.my/wp-content/uploads/2025/12/SVC-5559.jpg,SKU-D4XVOG,83
XZZ SAM S21ULTRA Middle Layer Tin Plating Positioning Plate + Stencil,55.20,Description XZZ SAM S21ULTRA Middle Layer Tin Plating Positioning Plate + Stencil,https://www.cmedistribution.com.my/wp-content/uploads/2025/12/SVC-5560.jpg,SKU-3CLSEJ,74
XZZ SAM S22 Middle Layer Tin Plating Positioning Plate + Stencil,55.20,Description XZZ SAM S22 Middle Layer Tin Plating Positioning Plate + Stencil,https://www.cmedistribution.com.my/wp-content/uploads/2025/12/SVC-5561.jpg,SKU-ZQXFHL,73
XZZ SAM S22PLUS Middle Layer Tin Plating Positioning Plate + Stencil,55.20,Description XZZ SAM S22PLUS Middle Layer Tin Plating Positioning Plate + Stencil,https://www.cmedistribution.com.my/wp-content/uploads/2025/12/SVC-5562.jpg,SKU-7IBLBO,70
XZZ SAM S22ULTRA Middle Layer Tin Plating Positioning Plate + Stencil,55.20,Description XZZ SAM S22ULTRA Middle Layer Tin Plating Positioning Plate + Stencil,https://www.cmedistribution.com.my/wp-content/uploads/2025/12/SVC-5563.jpg,SKU-RG4BXI,11
MR.YANG M.Y 3RD Gen Diamond Camera Protection Cover,13.20,Description MR.YANG M.Y 3RD Gen Diamond Camera Protection Cover,https://www.cmedistribution.com.my/wp-content/uploads/2025/12/SVC-5549-1.webp|https://www.cmedistribution.com.my/wp-content/uploads/2025/12/SVC-5549-2.webp|https://www.cmedistribution.com.my/wp-content/uploads/2025/12/SVC-5549-3.webp|https://www.cmedistribution.com.my/wp-content/uploads/2025/12/SVC-5549-4.webp,SKU-WWCYUS,39
18KINDS IP-22 Stencils 17 Series,12.00,Description 18KINDS IP-22 Stencils 17 Series,https://www.cmedistribution.com.my/wp-content/uploads/2025/12/SVC-5538.jpeg,SKU-XUHW7V,5
Honor 200-5G Buzzer Full Set,9.60,Description Product Specifications and Features: -Honor 200-5G Buzzer Full Set,https://www.cmedistribution.com.my/wp-content/uploads/2025/12/HONOR-200-BUZ-FS-100x100.jpg|https://www.cmedistribution.com.my/wp-content/uploads/2025/12/HONOR-200-BUZ-FS-1024x1024.jpg|https://www.cmedistribution.com.my/wp-content/uploads/2025/12/HONOR-200-BUZ-FS-150x150.jpg|https://www.cmedistribution.com.my/wp-content/uploads/2025/12/HONOR-200-BUZ-FS-300x300.jpg|https://www.cmedistribution.com.my/wp-content/uploads/2025/12/HONOR-200-BUZ-FS-350x350.jpg|https://www.cmedistribution.com.my/wp-content/uploads/2025/12/HONOR-200-BUZ-FS-600x600.jpg|https://www.cmedistribution.com.my/wp-content/uploads/2025/12/HONOR-200-BUZ-FS-768x768.jpg|https://www.cmedistribution.com.my/wp-content/uploads/2025/12/HONOR-200-BUZ-FS.jpg,SKU-M3WF0S,33
Honor 200 Smart-5G/Honor X7B Sim Tray,3.60,Description Product Specifications and Features: -Honor 200 Smart-5G/Honor X7B Sim Tray,https://www.cmedistribution.com.my/wp-content/uploads/2025/12/HONOR-200-SMART-SIM-TRAY.jpg,SKU-MJF8FN,87
HW Mate 50 Pro Front Camera,38.40,Description Product Specifications and Features: -HW Mate 50 Pro Front Camera,https://www.cmedistribution.com.my/wp-content/uploads/2025/12/HW-MATE-50-PRO-FRONT-CAM.jpg,SKU-H81Z1K,57
HW Mate 50 Pro Rear Camera (1SET 3PCS),144.00,Description Product Specifications and Features: -HW Mate 50 Pro Rear Camera (1SET 3PCS),https://www.cmedistribution.com.my/wp-content/uploads/2025/12/HW-MATE-50-PRO-REAR-CAM-FS.jpg,SKU-DNFW0D,48
Infinix Note 40-5G Rear Camera (1SET 3PCS),54.00,Description Product Specifications and Features: -Infinix Note 40-5G Rear Camera (1SET 3PCS),https://www.cmedistribution.com.my/wp-content/uploads/2025/12/INF-NOTE-40-5G-REAR-CAM-FS.jpg,SKU-ADVIDG,49
Infinix Note 40-5G Rear Camera (1SET 3PCS),57.60,Description Product Specifications and Features: -Infinix Note 40-5G Rear Camera (1SET 3PCS),https://www.cmedistribution.com.my/wp-content/uploads/2025/12/INF-NOTE-40-5G-REAR-CAM-FS.jpg,SKU-807K4B,77
Infinix Note 40X-5G X6838 LCD Frame,14.40,Description Product Specifications and Features: -Infinix Note 40X-5G X6838 LCD Frame -(NO WARRANTY),https://www.cmedistribution.com.my/wp-content/uploads/2025/12/INF-NOTE-40X-5G-LCD-FRAME.jpg,SKU-5N263I,56
Infinix Smart 9-4G X6532 LCD Frame,14.40,Description Product Specifications and Features: -Infinix Smart 9-4G X6532 LCD Frame -(NO WARRANTY),https://www.cmedistribution.com.my/wp-content/uploads/2025/12/INF-SMART-9-LCD-FRAME-100x100.jpg|https://www.cmedistribution.com.my/wp-content/uploads/2025/12/INF-SMART-9-LCD-FRAME-1024x1024.jpg|https://www.cmedistribution.com.my/wp-content/uploads/2025/12/INF-SMART-9-LCD-FRAME-150x150.jpg|https://www.cmedistribution.com.my/wp-content/uploads/2025/12/INF-SMART-9-LCD-FRAME-300x300.jpg|https://www.cmedistribution.com.my/wp-content/uploads/2025/12/INF-SMART-9-LCD-FRAME-350x350.jpg|https://www.cmedistribution.com.my/wp-content/uploads/2025/12/INF-SMART-9-LCD-FRAME-600x600.jpg|https://www.cmedistribution.com.my/wp-content/uploads/2025/12/INF-SMART-9-LCD-FRAME-768x768.jpg|https://www.cmedistribution.com.my/wp-content/uploads/2025/12/INF-SMART-9-LCD-FRAME.jpg,SKU-2S4RQ3,82
Infinix Smart 9 HD-4G X6532C LCD Frame,14.40,Description Product Specifications and Features: -Infinix Smart 9 HD-4G X6532C LCD Frame -(NO WARRANTY),https://www.cmedistribution.com.my/wp-content/uploads/2025/12/INF-SMART-9-HD-LCD-FRAME-100x100.jpg|https://www.cmedistribution.com.my/wp-content/uploads/2025/12/INF-SMART-9-HD-LCD-FRAME-1024x1024.jpg|https://www.cmedistribution.com.my/wp-content/uploads/2025/12/INF-SMART-9-HD-LCD-FRAME-150x150.jpg|https://www.cmedistribution.com.my/wp-content/uploads/2025/12/INF-SMART-9-HD-LCD-FRAME-300x300.jpg|https://www.cmedistribution.com.my/wp-content/uploads/2025/12/INF-SMART-9-HD-LCD-FRAME-350x350.jpg|https://www.cmedistribution.com.my/wp-content/uploads/2025/12/INF-SMART-9-HD-LCD-FRAME-600x600.jpg|https://www.cmedistribution.com.my/wp-content/uploads/2025/12/INF-SMART-9-HD-LCD-FRAME-768x768.jpg|https://www.cmedistribution.com.my/wp-content/uploads/2025/12/INF-SMART-9-HD-LCD-FRAME.jpg,SKU-OQQVDK,16
NJLD Vacuum Suction Mat Pad Accessories for LD980,9.60,Description NJLD Vacuum Suction Mat Pad Accessories for LD980,https://www.cmedistribution.com.my/wp-content/uploads/2025/12/SVC-5537.jpg,SKU-BI5YSD,53
OnePlus 13-5G Ribbon UI For Charging,9.60,Description Product Specifications and Features: -OnePlus 13-5G Ribbon UI For Charging -(CAA569-0),https://www.cmedistribution.com.my/wp-content/uploads/2025/12/ONEPLUS-13-RB-UI-CG-100x100.jpg|https://www.cmedistribution.com.my/wp-content/uploads/2025/12/ONEPLUS-13-RB-UI-CG-1024x1024.jpg|https://www.cmedistribution.com.my/wp-content/uploads/2025/12/ONEPLUS-13-RB-UI-CG-150x150.jpg|https://www.cmedistribution.com.my/wp-content/uploads/2025/12/ONEPLUS-13-RB-UI-CG-300x300.jpg|https://www.cmedistribution.com.my/wp-content/uploads/2025/12/ONEPLUS-13-RB-UI-CG-350x350.jpg|https://www.cmedistribution.com.my/wp-content/uploads/2025/12/ONEPLUS-13-RB-UI-CG-600x600.jpg|https://www.cmedistribution.com.my/wp-content/uploads/2025/12/ONEPLUS-13-RB-UI-CG-768x768.jpg|https://www.cmedistribution.com.my/wp-content/uploads/2025/12/ONEPLUS-13-RB-UI-CG.jpg,SKU-VE88T0,23
SM A04S On Off + Volume Button,3.60,Description Product Specifications and Features: -SM A04S On Off + Volume Button,https://www.cmedistribution.com.my/wp-content/uploads/2025/12/SM-A04S-VOL-BUT.jpg,SKU-44LQ75,20
SM A06-4G SM-A065 Volume Button,3.60,Description Product Specifications and Features: -SM A06-4G SM-A065 Volume Button,https://www.cmedistribution.com.my/wp-content/uploads/2025/12/SM-A06-4G-VOL-BUT.jpg,SKU-7JJSHX,47
SM A06-5G SM-A066 Volume Button,3.60,Description Product Specifications and Features: -SM A06-5G SM-A066 Volume Button,https://www.cmedistribution.com.my/wp-content/uploads/2025/12/SM-A06-4G-VOL-BUT.jpg,SKU-IVH696,8
SM A17-4G SM-A175 Volume Button,3.60,Description Product Specifications and Features: -SM A17-4G SM-A175 Volume Button,https://www.cmedistribution.com.my/wp-content/uploads/2025/12/SM-A17-4G-VOL-BUT.jpg,SKU-NLXRTJ,58
WEIXINYUAN 微芯源 WXY SHARP-1 Cutting Pliers,18.00,Description WEIXINYUAN 微芯源 WXY SHARP-1 Cutting Pliers,https://www.cmedistribution.com.my/wp-content/uploads/2025/12/SVC-5536-1.webp|https://www.cmedistribution.com.my/wp-content/uploads/2025/12/SVC-5536-2.webp|https://www.cmedistribution.com.my/wp-content/uploads/2025/12/SVC-5536-3.webp|https://www.cmedistribution.com.my/wp-content/uploads/2025/12/SVC-5536-4.webp,SKU-TPFU6J,34
WL Phone Power Battery Holder Connector 6-17PM,18.00,Description WL Phone Power Battery Holder Connector 6-17PM,https://www.cmedistribution.com.my/wp-content/uploads/2025/12/SVC-5544-6.webp,SKU-N5XD26,38
WYLIE MORO-35 Grinding Machine,94.80,"Description Features: -Dual Voltage Flexibility: Adjustable 5V/9V settings to match different grinding needs – ideal for delicate probe tips or tough metal components -Type-C Power Supply: Convenient USB-C port for flexible power connection, compatible with most modern chargers and power banks -Probe Tip Specialization: Precision-engineered to polish probe tips, ensuring optimal contact and extending the lifespan of repair tools -Multi-Material Compatibility: Grinds not only electronic components but also small wood, metal, plastic, and jade pieces, a true all-rounder -Visual Voltage Indicators: Clear 5V/9V LED lights on the black body for instant power status checks -Stable Screw-Mounted Design: Securely attaches to workbenches via a screw mount, reducing vibration for precise, shake-free grinding -High-Speed Performance: Up to 10,000 RPM rotation speed for fast, efficient material removal without compromising smoothness -Compact & Portable: Dimensions 60*60*47mm, fits easily into toolkits or work bags for on-the-go repairs",https://www.cmedistribution.com.my/wp-content/uploads/2025/12/SVC-5539-1.webp|https://www.cmedistribution.com.my/wp-content/uploads/2025/12/SVC-5539-10.webp|https://www.cmedistribution.com.my/wp-content/uploads/2025/12/SVC-5539-11.webp|https://www.cmedistribution.com.my/wp-content/uploads/2025/12/SVC-5539-2.webp|https://www.cmedistribution.com.my/wp-content/uploads/2025/12/SVC-5539-3.webp|https://www.cmedistribution.com.my/wp-content/uploads/2025/12/SVC-5539-4.webp|https://www.cmedistribution.com.my/wp-content/uploads/2025/12/SVC-5539-5.webp|https://www.cmedistribution.com.my/wp-content/uploads/2025/12/SVC-5539-6.webp|https://www.cmedistribution.com.my/wp-content/uploads/2025/12/SVC-5539-8.webp|https://www.cmedistribution.com.my/wp-content/uploads/2025/12/SVC-5539-9.webp,SKU-UXQGQ1,79
MR.YANG M.Y-XJ01 Solder Paste,22.80,Description MR.YANG M.Y-XJ01 Solder Paste 👉140°C 👉160°C 👉183°C 👉199°C,https://www.cmedistribution.com.my/wp-content/uploads/2025/12/SVC-5540-3.jpg,SKU-TUCRU2,88
Honor 200 Pro-5G Buzzer Full Set,9.60,Description Product Specifications and Features: -Honor 200 Pro-5G Buzzer Full Set,https://www.cmedistribution.com.my/wp-content/uploads/2025/12/HONOR-200-PRO-BUZ-FS.jpg,SKU-4OK53W,54
Honor 200 Smart-5G/Honor X7B Buzzer Full Set,9.60,Description Product Specifications and Features: -Honor 200 Smart-5G/Honor X7B Buzzer Full Set,https://www.cmedistribution.com.my/wp-content/uploads/2025/12/HONOR-200-SMART-BUZ-FS-100x100.jpg|https://www.cmedistribution.com.my/wp-content/uploads/2025/12/HONOR-200-SMART-BUZ-FS-1024x1024.jpg|https://www.cmedistribution.com.my/wp-content/uploads/2025/12/HONOR-200-SMART-BUZ-FS-150x150.jpg|https://www.cmedistribution.com.my/wp-content/uploads/2025/12/HONOR-200-SMART-BUZ-FS-300x300.jpg|https://www.cmedistribution.com.my/wp-content/uploads/2025/12/HONOR-200-SMART-BUZ-FS-350x350.jpg|https://www.cmedistribution.com.my/wp-content/uploads/2025/12/HONOR-200-SMART-BUZ-FS-600x600.jpg|https://www.cmedistribution.com.my/wp-content/uploads/2025/12/HONOR-200-SMART-BUZ-FS-768x768.jpg|https://www.cmedistribution.com.my/wp-content/uploads/2025/12/HONOR-200-SMART-BUZ-FS.jpg,SKU-D4PPR8,33
Honor Magic V3 Ribbon On Off,3.60,Description Product Specifications and Features: -Honor Magic V3 Ribbon On Off -(HN1FCPFK),https://www.cmedistribution.com.my/wp-content/uploads/2025/12/HONOR-MAGIC-V3-RB-OF.jpg,SKU-MF0EBY,59
Honor Magic V3 Ribbon Volume,4.80,Description Product Specifications and Features: -Honor Magic V3 Ribbon Volume,https://www.cmedistribution.com.my/wp-content/uploads/2025/12/HONOR-MAGIC-V3-RB-VOL.jpg,SKU-AL3J82,67
Honor X9A-5G Sim Tray,3.60,Description Product Specifications and Features: -Honor X9A-5G Sim Tray,https://www.cmedistribution.com.my/wp-content/uploads/2025/12/HONOR-X9A-SIM-TRAY.jpg,SKU-DO3LG6,57
Honor X9B-5G Sim Tray,3.60,Description Product Specifications and Features: -Honor X9B-5G Sim Tray,https://www.cmedistribution.com.my/wp-content/uploads/2025/12/HONOR-X9B-SIM-TRAY.jpg,SKU-25WFIR,29
Lenovo Tab M10 TB-X605LC/X605FC LCD ORI Full Set,150.00,Description Product Specifications and Features: -Lenovo Tab M10 TB-X605LC/X605FC LCD ORI Full Set -Warranty 1 Month -Self Damage Will Be No Warranty,https://www.cmedistribution.com.my/wp-content/uploads/2025/12/LNV-M10-TB-X605LC-LCD-ORI-FS-100x100.jpg|https://www.cmedistribution.com.my/wp-content/uploads/2025/12/LNV-M10-TB-X605LC-LCD-ORI-FS-150x150.jpg|https://www.cmedistribution.com.my/wp-content/uploads/2025/12/LNV-M10-TB-X605LC-LCD-ORI-FS-300x300.jpg|https://www.cmedistribution.com.my/wp-content/uploads/2025/12/LNV-M10-TB-X605LC-LCD-ORI-FS-350x350.jpg|https://www.cmedistribution.com.my/wp-content/uploads/2025/12/LNV-M10-TB-X605LC-LCD-ORI-FS-600x600.jpg|https://www.cmedistribution.com.my/wp-content/uploads/2025/12/LNV-M10-TB-X605LC-LCD-ORI-FS.jpg,SKU-76TS03,41
Phone 16/16Plus Plug In (1SET 5PCS),15.60,Description Product Specifications and Features: -Phone 16/16Plus Plug In (1SET 5PCS),https://www.cmedistribution.com.my/wp-content/uploads/2025/12/IP-16-PLUG-IN-100x100.jpg|https://www.cmedistribution.com.my/wp-content/uploads/2025/12/IP-16-PLUG-IN-1024x1024.jpg|https://www.cmedistribution.com.my/wp-content/uploads/2025/12/IP-16-PLUG-IN-150x150.jpg|https://www.cmedistribution.com.my/wp-content/uploads/2025/12/IP-16-PLUG-IN-300x300.jpg|https://www.cmedistribution.com.my/wp-content/uploads/2025/12/IP-16-PLUG-IN-350x350.jpg|https://www.cmedistribution.com.my/wp-content/uploads/2025/12/IP-16-PLUG-IN-600x600.jpg|https://www.cmedistribution.com.my/wp-content/uploads/2025/12/IP-16-PLUG-IN-768x768.jpg|https://www.cmedistribution.com.my/wp-content/uploads/2025/12/IP-16-PLUG-IN.jpg,SKU-MMB7Y3,19
Phone 16E LCD SL DD Soft OLED Full Set (Support Move IC),234.00,Description Product Specifications and Features: -Phone 16E LCD SL DD Soft OLED Full Set (Support Move IC) -Warranty 1 Month -Self Damage Will Be No Warranty,https://www.cmedistribution.com.my/wp-content/uploads/2025/12/IP-16E-LCD-SL-SOFT-OLED-FS.jpg,SKU-NC12BQ,32
Phone 16E LCD ZY Hard OLED Full Set (Support Move IC),210.00,Description Product Specifications and Features: -Phone 16E LCD ZY Hard OLED Full Set (Support Move IC) -Warranty 1 Month -Self Damage Will Be No Warranty,https://www.cmedistribution.com.my/wp-content/uploads/2025/12/IP-16E-LCD-ZY-HARD-OLED-FS.jpg,SKU-ZRIZLJ,84
Phone 16Plus LCD SL DD Soft OLED Full Set (Support Move IC),384.00,Description Product Specifications and Features: -Phone 16Plus LCD SL DD Soft OLED Full Set (Support Move IC) -Warranty 1 Month -Self Damage Will Be No Warranty,https://www.cmedistribution.com.my/wp-content/uploads/2025/12/IP-16PLUS-LCD-SL-SOFT-OLED-FS.jpg,SKU-4GVX8E,100
Phone 16Pro LCD ZY Hard OLED Full Set (Support Move IC) 120Hz,354.00,Description Product Specifications and Features: -Phone 16Pro LCD ZY Hard OLED Full Set (Support Move IC) 120Hz -Warranty 1 Month -Self Damage Will Be No Warranty,https://www.cmedistribution.com.my/wp-content/uploads/2025/12/IP-16PRO-LCD-ZY-HARD-OLED-FS-100x100.jpg|https://www.cmedistribution.com.my/wp-content/uploads/2025/12/IP-16PRO-LCD-ZY-HARD-OLED-FS-1024x1024.jpg|https://www.cmedistribution.com.my/wp-content/uploads/2025/12/IP-16PRO-LCD-ZY-HARD-OLED-FS-150x150.jpg|https://www.cmedistribution.com.my/wp-content/uploads/2025/12/IP-16PRO-LCD-ZY-HARD-OLED-FS-300x300.jpg|https://www.cmedistribution.com.my/wp-content/uploads/2025/12/IP-16PRO-LCD-ZY-HARD-OLED-FS-350x350.jpg|https://www.cmedistribution.com.my/wp-content/uploads/2025/12/IP-16PRO-LCD-ZY-HARD-OLED-FS-600x600.jpg|https://www.cmedistribution.com.my/wp-content/uploads/2025/12/IP-16PRO-LCD-ZY-HARD-OLED-FS-768x768.jpg|https://www.cmedistribution.com.my/wp-content/uploads/2025/12/IP-16PRO-LCD-ZY-HARD-OLED-FS.jpg,SKU-OGYM01,2
Phone 16ProMax LCD GX Soft OLED Full Set (Support Move IC) 120Hz,426.00,Description Product Specifications and Features: -Phone 16ProMax LCD GX Soft OLED Full Set (Support Move IC) 120Hz -Warranty 1 Month -Self Damage Will Be No Warranty,https://www.cmedistribution.com.my/wp-content/uploads/2025/12/IP-16PM-LCD-GX-SOFT-OLED-FS.jpg,SKU-SX4NI9,18
Phone 16ProMax LCD ZY Hard OLED Full Set (Support Move IC) 120Hz,378.00,Description Product Specifications and Features: -Phone 16ProMax LCD ZY Hard OLED Full Set (Support Move IC) 120Hz -Warranty 1 Month -Self Damage Will Be No Warranty,https://www.cmedistribution.com.my/wp-content/uploads/2025/12/IP-16PRO-LCD-ZY-HARD-OLED-FS-100x100.jpg|https://www.cmedistribution.com.my/wp-content/uploads/2025/12/IP-16PRO-LCD-ZY-HARD-OLED-FS-1024x1024.jpg|https://www.cmedistribution.com.my/wp-content/uploads/2025/12/IP-16PRO-LCD-ZY-HARD-OLED-FS-150x150.jpg|https://www.cmedistribution.com.my/wp-content/uploads/2025/12/IP-16PRO-LCD-ZY-HARD-OLED-FS-300x300.jpg|https://www.cmedistribution.com.my/wp-content/uploads/2025/12/IP-16PRO-LCD-ZY-HARD-OLED-FS-350x350.jpg|https://www.cmedistribution.com.my/wp-content/uploads/2025/12/IP-16PRO-LCD-ZY-HARD-OLED-FS-600x600.jpg|https://www.cmedistribution.com.my/wp-content/uploads/2025/12/IP-16PRO-LCD-ZY-HARD-OLED-FS-768x768.jpg|https://www.cmedistribution.com.my/wp-content/uploads/2025/12/IP-16PRO-LCD-ZY-HARD-OLED-FS.jpg,SKU-0O09I3,53
Phone 16ProMax LCD ZY Soft OLED Full Set (Support Move IC) 120Hz,402.00,Description Product Specifications and Features: -Phone 16ProMax LCD ZY Soft OLED Full Set (Support Move IC) 120Hz -Warranty 1 Month -Self Damage Will Be No Warranty,https://www.cmedistribution.com.my/wp-content/uploads/2025/12/IP-16PM-LCD-ZY-SOFT-OLED-FS.jpg,SKU-0Q7ONZ,82
Phone 17 Plug In (1SET 5PCS),18.00,Description Product Specifications and Features: -Phone 17 Plug In (1SET 5PCS),https://www.cmedistribution.com.my/wp-content/uploads/2025/12/IP-17-PLUG-IN-100x100.jpg|https://www.cmedistribution.com.my/wp-content/uploads/2025/12/IP-17-PLUG-IN-1024x1024.jpg|https://www.cmedistribution.com.my/wp-content/uploads/2025/12/IP-17-PLUG-IN-150x150.jpg|https://www.cmedistribution.com.my/wp-content/uploads/2025/12/IP-17-PLUG-IN-300x300.jpg|https://www.cmedistribution.com.my/wp-content/uploads/2025/12/IP-17-PLUG-IN-350x350.jpg|https://www.cmedistribution.com.my/wp-content/uploads/2025/12/IP-17-PLUG-IN-600x600.jpg|https://www.cmedistribution.com.my/wp-content/uploads/2025/12/IP-17-PLUG-IN-768x768.jpg|https://www.cmedistribution.com.my/wp-content/uploads/2025/12/IP-17-PLUG-IN.jpg,SKU-UZPR0G,92
Redmi Note 15 ProPlus-5G LCD ORI Full Set,420.00,Description Product Specifications and Features: -Redmi Note 15 ProPlus-5G LCD ORI Full Set -Warranty 1 Month -Self Damage Will Be No Warranty,https://www.cmedistribution.com.my/wp-content/uploads/2025/12/REDMI-NOTE-15-PROPLUS-LCD-ORI-FS.jpg,SKU-T43UPT,45
"SM Tab S10 FE SM-X520,X526 LCD ORI Full Set",192.00,"Description Product Specifications and Features: -SM Tab S10 FE SM-X520,X526 LCD ORI Full Set -Warranty 1 Month -Self Damage Will Be No Warranty",https://www.cmedistribution.com.my/wp-content/uploads/2025/12/SM-X520-LCD-ORI-FS.jpg,SKU-YXGES9,95
SM Z Flip 7-5G F766 (Inner Screen) LCD Frame Adhesive Tape (1SET 5PCS),14.40,Description Product Specifications and Features: -SM Z Flip 7-5G F766 (Inner Screen) LCD Frame Adhesive Tape (1SET 5PCS),https://www.cmedistribution.com.my/wp-content/uploads/2025/12/SM-Z-FLIP-INNER-LCD-FRM-TAPE-100x100.jpg|https://www.cmedistribution.com.my/wp-content/uploads/2025/12/SM-Z-FLIP-INNER-LCD-FRM-TAPE-1024x1024.jpg|https://www.cmedistribution.com.my/wp-content/uploads/2025/12/SM-Z-FLIP-INNER-LCD-FRM-TAPE-150x150.jpg|https://www.cmedistribution.com.my/wp-content/uploads/2025/12/SM-Z-FLIP-INNER-LCD-FRM-TAPE-300x300.jpg|https://www.cmedistribution.com.my/wp-content/uploads/2025/12/SM-Z-FLIP-INNER-LCD-FRM-TAPE-350x350.jpg|https://www.cmedistribution.com.my/wp-content/uploads/2025/12/SM-Z-FLIP-INNER-LCD-FRM-TAPE-600x600.jpg|https://www.cmedistribution.com.my/wp-content/uploads/2025/12/SM-Z-FLIP-INNER-LCD-FRM-TAPE-768x768.jpg|https://www.cmedistribution.com.my/wp-content/uploads/2025/12/SM-Z-FLIP-INNER-LCD-FRM-TAPE.jpg,SKU-DHJMZE,36
Xiaomi 12-5G Sim Tray,3.60,Description Product Specifications and Features: -Xiaomi 12-5G Sim Tray,https://www.cmedistribution.com.my/wp-content/uploads/2025/12/XIAOMI-12-SIM-TRAY.jpg,SKU-4015FG,60
JITONGXUE JTX A9 Waveform Multi-Function Measurement Meter,138.00,"Description Features: -Curve waveform multi-function measuring meter, high-precision sampling, digital display, diode accurate voltage measurement -A9 curve waveform ammeter, complete function list, makes your maintenance work more handy and efficient, supports a voltage measurement range of 0-36V -Pointer-curve mode: Highly intuitive, fast response, low interference. It intuitively reflects the change trend and magnitude of current, facilitating quick judgment of the approximate current range -Diode mode: Clear and easy to read, fast diode response speed, numerical recording function, and PC screen projection support -Waveform mode: It can accurately simulate various complex current or voltage change curves. The intuitive waveform display via curve changes improves the efficiency and accuracy of troubleshooting -Voltage Measurement Mode: Rapid voltage measurement, real-time voltage curve measurement, voltage recording, and large-value projection via computer software -Cross-dimensional combat equipment: Screen projection to PC instantly turns into a workstation, cloud-based firmware with unlimited evolutionary upgrades -Millisecond-level instantaneous dynamic voltage measurement: Capture speed is 470% faster than traditional devices, and waveform accuracy is 3 times that of flagship models in the industry -Ultra-high-speed diode scanning measurement: 0.01-second response scanning, leaves diode leakage nowhere to hide -Industrial Vision Revolution: 4.0-inch HD Display 500nit sunlight visibility + 178 full-view waveform analysis -Flexible combination compatible with fixed brackets: Adjustable freely up, down, left, and right-no more restrictions on work",https://www.cmedistribution.com.my/wp-content/uploads/2025/12/SVC-5532-1.webp|https://www.cmedistribution.com.my/wp-content/uploads/2025/12/SVC-5532-10.webp|https://www.cmedistribution.com.my/wp-content/uploads/2025/12/SVC-5532-2.webp|https://www.cmedistribution.com.my/wp-content/uploads/2025/12/SVC-5532-3.webp|https://www.cmedistribution.com.my/wp-content/uploads/2025/12/SVC-5532-4.webp|https://www.cmedistribution.com.my/wp-content/uploads/2025/12/SVC-5532-5.webp|https://www.cmedistribution.com.my/wp-content/uploads/2025/12/SVC-5532-6.webp|https://www.cmedistribution.com.my/wp-content/uploads/2025/12/SVC-5532-7.webp|https://www.cmedistribution.com.my/wp-content/uploads/2025/12/SVC-5532-8.webp|https://www.cmedistribution.com.my/wp-content/uploads/2025/12/SVC-5532-9.webp,SKU-C3MGU0,25
"MECHANIC Diagonal Air Gun Nozzle 5MM,6MM,8MM,10MM,12MM (1SET/5PCS)",26.40,"Description MECHANIC Diagonal Air Gun Nozzle 5MM,6MM,8MM,10MM,12MM (1SET/5PCS)",https://www.cmedistribution.com.my/wp-content/uploads/2025/12/SVC-5533-1.webp|https://www.cmedistribution.com.my/wp-content/uploads/2025/12/SVC-5533-2.webp|https://www.cmedistribution.com.my/wp-content/uploads/2025/12/SVC-5533-3.webp|https://www.cmedistribution.com.my/wp-content/uploads/2025/12/SVC-5533-4.webp|https://www.cmedistribution.com.my/wp-content/uploads/2025/12/SVC-5533-5.webp,SKU-TGPJLB,35
Phone 16Pro/16ProMax Plug In (1SET 5PCS),15.60,Description Product Specifications and Features: -Phone 16Pro/16ProMax Plug In (1SET 5PCS),https://www.cmedistribution.com.my/wp-content/uploads/2025/12/IP-16PRO-PLUG-IN-100x100.jpg|https://www.cmedistribution.com.my/wp-content/uploads/2025/12/IP-16PRO-PLUG-IN-1024x1024.jpg|https://www.cmedistribution.com.my/wp-content/uploads/2025/12/IP-16PRO-PLUG-IN-150x150.jpg|https://www.cmedistribution.com.my/wp-content/uploads/2025/12/IP-16PRO-PLUG-IN-300x300.jpg|https://www.cmedistribution.com.my/wp-content/uploads/2025/12/IP-16PRO-PLUG-IN-350x350.jpg|https://www.cmedistribution.com.my/wp-content/uploads/2025/12/IP-16PRO-PLUG-IN-600x600.jpg|https://www.cmedistribution.com.my/wp-content/uploads/2025/12/IP-16PRO-PLUG-IN-768x768.jpg|https://www.cmedistribution.com.my/wp-content/uploads/2025/12/IP-16PRO-PLUG-IN.jpg,SKU-SV7VSS,56
Phone 17Pro/17ProMax Plug In (1SET 5PCS),18.00,Description Product Specifications and Features: -Phone 17Pro/17ProMax Plug In (1SET 5PCS),https://www.cmedistribution.com.my/wp-content/uploads/2025/12/IP-17PRO-PLUG-IN-100x100.jpg|https://www.cmedistribution.com.my/wp-content/uploads/2025/12/IP-17PRO-PLUG-IN-1024x1024.jpg|https://www.cmedistribution.com.my/wp-content/uploads/2025/12/IP-17PRO-PLUG-IN-150x150.jpg|https://www.cmedistribution.com.my/wp-content/uploads/2025/12/IP-17PRO-PLUG-IN-300x300.jpg|https://www.cmedistribution.com.my/wp-content/uploads/2025/12/IP-17PRO-PLUG-IN-350x350.jpg|https://www.cmedistribution.com.my/wp-content/uploads/2025/12/IP-17PRO-PLUG-IN-600x600.jpg|https://www.cmedistribution.com.my/wp-content/uploads/2025/12/IP-17PRO-PLUG-IN-768x768.jpg|https://www.cmedistribution.com.my/wp-content/uploads/2025/12/IP-17PRO-PLUG-IN.jpg,SKU-6NOILS,79
SM Z Flip 3-5G F711 (Inner Screen) LCD Frame Adhesive Tape (1SET 5PCS),12.00,Description Product Specifications and Features: -SM Z Flip 3-5G F711 (Inner Screen) LCD Frame Adhesive Tape (1SET 5PCS),https://www.cmedistribution.com.my/wp-content/uploads/2025/12/SM-Z-FLIP-INNER-LCD-FRM-TAPE-100x100.jpg|https://www.cmedistribution.com.my/wp-content/uploads/2025/12/SM-Z-FLIP-INNER-LCD-FRM-TAPE-1024x1024.jpg|https://www.cmedistribution.com.my/wp-content/uploads/2025/12/SM-Z-FLIP-INNER-LCD-FRM-TAPE-150x150.jpg|https://www.cmedistribution.com.my/wp-content/uploads/2025/12/SM-Z-FLIP-INNER-LCD-FRM-TAPE-300x300.jpg|https://www.cmedistribution.com.my/wp-content/uploads/2025/12/SM-Z-FLIP-INNER-LCD-FRM-TAPE-350x350.jpg|https://www.cmedistribution.com.my/wp-content/uploads/2025/12/SM-Z-FLIP-INNER-LCD-FRM-TAPE-600x600.jpg|https://www.cmedistribution.com.my/wp-content/uploads/2025/12/SM-Z-FLIP-INNER-LCD-FRM-TAPE-768x768.jpg|https://www.cmedistribution.com.my/wp-content/uploads/2025/12/SM-Z-FLIP-INNER-LCD-FRM-TAPE.jpg,SKU-DAE06A,70
SM Z Flip 4-5G F721 (Inner Screen) LCD Frame Adhesive Tape (1SET 5PCS),12.00,Description Product Specifications and Features: -SM Z Flip 4-5G F721 (Inner Screen) LCD Frame Adhesive Tape (1SET 5PCS),https://www.cmedistribution.com.my/wp-content/uploads/2025/12/SM-Z-FLIP-INNER-LCD-FRM-TAPE-100x100.jpg|https://www.cmedistribution.com.my/wp-content/uploads/2025/12/SM-Z-FLIP-INNER-LCD-FRM-TAPE-1024x1024.jpg|https://www.cmedistribution.com.my/wp-content/uploads/2025/12/SM-Z-FLIP-INNER-LCD-FRM-TAPE-150x150.jpg|https://www.cmedistribution.com.my/wp-content/uploads/2025/12/SM-Z-FLIP-INNER-LCD-FRM-TAPE-300x300.jpg|https://www.cmedistribution.com.my/wp-content/uploads/2025/12/SM-Z-FLIP-INNER-LCD-FRM-TAPE-350x350.jpg|https://www.cmedistribution.com.my/wp-content/uploads/2025/12/SM-Z-FLIP-INNER-LCD-FRM-TAPE-600x600.jpg|https://www.cmedistribution.com.my/wp-content/uploads/2025/12/SM-Z-FLIP-INNER-LCD-FRM-TAPE-768x768.jpg|https://www.cmedistribution.com.my/wp-content/uploads/2025/12/SM-Z-FLIP-INNER-LCD-FRM-TAPE.jpg,SKU-6G6403,16
SM Z Flip 5-5G F731 (Inner Screen) LCD Frame Adhesive Tape (1SET 5PCS),12.00,Description Product Specifications and Features: -SM Z Flip 5-5G F731 (Inner Screen) LCD Frame Adhesive Tape (1SET 5PCS),https://www.cmedistribution.com.my/wp-content/uploads/2025/12/SM-Z-FLIP-INNER-LCD-FRM-TAPE-100x100.jpg|https://www.cmedistribution.com.my/wp-content/uploads/2025/12/SM-Z-FLIP-INNER-LCD-FRM-TAPE-1024x1024.jpg|https://www.cmedistribution.com.my/wp-content/uploads/2025/12/SM-Z-FLIP-INNER-LCD-FRM-TAPE-150x150.jpg|https://www.cmedistribution.com.my/wp-content/uploads/2025/12/SM-Z-FLIP-INNER-LCD-FRM-TAPE-300x300.jpg|https://www.cmedistribution.com.my/wp-content/uploads/2025/12/SM-Z-FLIP-INNER-LCD-FRM-TAPE-350x350.jpg|https://www.cmedistribution.com.my/wp-content/uploads/2025/12/SM-Z-FLIP-INNER-LCD-FRM-TAPE-600x600.jpg|https://www.cmedistribution.com.my/wp-content/uploads/2025/12/SM-Z-FLIP-INNER-LCD-FRM-TAPE-768x768.jpg|https://www.cmedistribution.com.my/wp-content/uploads/2025/12/SM-Z-FLIP-INNER-LCD-FRM-TAPE.jpg,SKU-SZKJZH,53
SM Z Flip 6-5G F741 (Inner Screen) LCD Frame Adhesive Tape (1SET 5PCS),12.00,Description Product Specifications and Features: -SM Z Flip 6-5G F741 (Inner Screen) LCD Frame Adhesive Tape (1SET 5PCS),https://www.cmedistribution.com.my/wp-content/uploads/2025/12/SM-Z-FLIP-INNER-LCD-FRM-TAPE-100x100.jpg|https://www.cmedistribution.com.my/wp-content/uploads/2025/12/SM-Z-FLIP-INNER-LCD-FRM-TAPE-1024x1024.jpg|https://www.cmedistribution.com.my/wp-content/uploads/2025/12/SM-Z-FLIP-INNER-LCD-FRM-TAPE-150x150.jpg|https://www.cmedistribution.com.my/wp-content/uploads/2025/12/SM-Z-FLIP-INNER-LCD-FRM-TAPE-300x300.jpg|https://www.cmedistribution.com.my/wp-content/uploads/2025/12/SM-Z-FLIP-INNER-LCD-FRM-TAPE-350x350.jpg|https://www.cmedistribution.com.my/wp-content/uploads/2025/12/SM-Z-FLIP-INNER-LCD-FRM-TAPE-600x600.jpg|https://www.cmedistribution.com.my/wp-content/uploads/2025/12/SM-Z-FLIP-INNER-LCD-FRM-TAPE-768x768.jpg|https://www.cmedistribution.com.my/wp-content/uploads/2025/12/SM-Z-FLIP-INNER-LCD-FRM-TAPE.jpg,SKU-XN8864,72
SM Z Fold 3-5G F926 (Inner Screen) LCD Frame Adhesive Tape (1SET 5PCS),18.00,Description Product Specifications and Features: -SM Z Fold 3-5G F926 (Inner Screen) LCD Frame Adhesive Tape (1SET 5PCS),https://www.cmedistribution.com.my/wp-content/uploads/2025/12/SM-Z-FOLD-INNEROUTER-LCD-FRM-TAPE.jpg,SKU-QOD4B5,68
SM Z Fold 3-5G F926 (Outer Screen) LCD Frame Adhesive Tape (1SET 5PCS),18.00,Description Product Specifications and Features: -SM Z Fold 3-5G F926 (Outer Screen) LCD Frame Adhesive Tape (1SET 5PCS),https://www.cmedistribution.com.my/wp-content/uploads/2025/12/SM-Z-FOLD-INNEROUTER-LCD-FRM-TAPE.jpg,SKU-TW0PH3,66
SM Z Fold 4-5G F936 (Inner Screen) LCD Frame Adhesive Tape (1SET 5PCS),18.00,Description Product Specifications and Features: -SM Z Fold 4-5G F936 (Inner Screen) LCD Frame Adhesive Tape (1SET 5PCS),https://www.cmedistribution.com.my/wp-content/uploads/2025/12/SM-Z-FOLD-INNEROUTER-LCD-FRM-TAPE.jpg,SKU-RHPN5C,74
SM Z Fold 4-5G F936/Z Fold 5-5G F946 (Outer Screen) LCD Frame Adhesive Tape (1SET 5PCS),18.00,Description Product Specifications and Features: -SM Z Fold 4-5G F936/Z Fold 5-5G F946 (Outer Screen) LCD Frame Adhesive Tape (1SET 5PCS),https://www.cmedistribution.com.my/wp-content/uploads/2025/12/SM-Z-FOLD-INNEROUTER-LCD-FRM-TAPE.jpg,SKU-1NF86G,64
SM Z Fold 5-5G F946 (Inner Screen) LCD Frame Adhesive Tape (1SET 5PCS),18.00,Description Product Specifications and Features: -SM Z Fold 5-5G F946 (Inner Screen) LCD Frame Adhesive Tape (1SET 5PCS),https://www.cmedistribution.com.my/wp-content/uploads/2025/12/SM-Z-FOLD-INNEROUTER-LCD-FRM-TAPE.jpg,SKU-M3G9YP,55
SM Z Fold 6-5G F956 (Inner Screen) LCD Frame Adhesive Tape (1SET 5PCS),18.00,Description Product Specifications and Features: -SM Z Fold 6-5G F956 (Inner Screen) LCD Frame Adhesive Tape (1SET 5PCS),https://www.cmedistribution.com.my/wp-content/uploads/2025/12/SM-Z-FOLD-INNEROUTER-LCD-FRM-TAPE.jpg,SKU-QEMGSM,76
SM Z Fold 6-5G F956 (Outer Screen) LCD Frame Adhesive Tape (1SET 5PCS),18.00,Description Product Specifications and Features: -SM Z Fold 6-5G F956 (Outer Screen) LCD Frame Adhesive Tape (1SET 5PCS),https://www.cmedistribution.com.my/wp-content/uploads/2025/12/SM-Z-FOLD-INNEROUTER-LCD-FRM-TAPE.jpg,SKU-S0UIS5,77
SM Z Fold 7-5G F966 (Inner Screen) LCD Frame Adhesive Tape (1SET 5PCS),18.00,Description Product Specifications and Features: -SM Z Fold 7-5G F966 (Inner Screen) LCD Frame Adhesive Tape (1SET 5PCS),https://www.cmedistribution.com.my/wp-content/uploads/2025/12/SM-Z-FOLD-INNEROUTER-LCD-FRM-TAPE.jpg,SKU-U7GJZ5,25
SUNSHINE 530 Contact Cleaner New Formula (550ML) BLUE,10.80,Description SUNSHINE 530 Contact Cleaner New Formula (550ML) BLUE,https://www.cmedistribution.com.my/wp-content/uploads/2025/12/SVC-5534-1.jpg|https://www.cmedistribution.com.my/wp-content/uploads/2025/12/SVC-5534-1.png|https://www.cmedistribution.com.my/wp-content/uploads/2025/12/SVC-5534-2.jpeg|https://www.cmedistribution.com.my/wp-content/uploads/2025/12/SVC-5534-3.jpg,SKU-7H2PDA,25
Tecno Camon 40 Pro-4G (ORI Used) Charging Board,33.60,Description Product Specifications and Features: -Tecno Camon 40 Pro-4G (ORI Used) Charging Board -(H8918_SUB_1),https://www.cmedistribution.com.my/wp-content/uploads/2025/12/TECNO-CAMON-40-PRO-4G-ORI-CC-BOARD-100x100.jpg|https://www.cmedistribution.com.my/wp-content/uploads/2025/12/TECNO-CAMON-40-PRO-4G-ORI-CC-BOARD-1024x1024.jpg|https://www.cmedistribution.com.my/wp-content/uploads/2025/12/TECNO-CAMON-40-PRO-4G-ORI-CC-BOARD-150x150.jpg|https://www.cmedistribution.com.my/wp-content/uploads/2025/12/TECNO-CAMON-40-PRO-4G-ORI-CC-BOARD-300x300.jpg|https://www.cmedistribution.com.my/wp-content/uploads/2025/12/TECNO-CAMON-40-PRO-4G-ORI-CC-BOARD-350x350.jpg|https://www.cmedistribution.com.my/wp-content/uploads/2025/12/TECNO-CAMON-40-PRO-4G-ORI-CC-BOARD-600x600.jpg|https://www.cmedistribution.com.my/wp-content/uploads/2025/12/TECNO-CAMON-40-PRO-4G-ORI-CC-BOARD-768x768.jpg|https://www.cmedistribution.com.my/wp-content/uploads/2025/12/TECNO-CAMON-40-PRO-4G-ORI-CC-BOARD.jpg,SKU-RCJF5L,9
Tecno Camon 40 Pro-5G (ORI Used) Charging Board,33.60,Description Product Specifications and Features: -Tecno Camon 40 Pro-5G (ORI Used) Charging Board -(H781 V1.3),https://www.cmedistribution.com.my/wp-content/uploads/2025/12/TECNO-CAMON-40-PRO-5G-ORI-CC-BOARD-100x100.jpg|https://www.cmedistribution.com.my/wp-content/uploads/2025/12/TECNO-CAMON-40-PRO-5G-ORI-CC-BOARD-1024x1024.jpg|https://www.cmedistribution.com.my/wp-content/uploads/2025/12/TECNO-CAMON-40-PRO-5G-ORI-CC-BOARD-150x150.jpg|https://www.cmedistribution.com.my/wp-content/uploads/2025/12/TECNO-CAMON-40-PRO-5G-ORI-CC-BOARD-300x300.jpg|https://www.cmedistribution.com.my/wp-content/uploads/2025/12/TECNO-CAMON-40-PRO-5G-ORI-CC-BOARD-350x350.jpg|https://www.cmedistribution.com.my/wp-content/uploads/2025/12/TECNO-CAMON-40-PRO-5G-ORI-CC-BOARD-600x600.jpg|https://www.cmedistribution.com.my/wp-content/uploads/2025/12/TECNO-CAMON-40-PRO-5G-ORI-CC-BOARD-768x768.jpg|https://www.cmedistribution.com.my/wp-content/uploads/2025/12/TECNO-CAMON-40-PRO-5G-ORI-CC-BOARD.jpg,SKU-H2ZN1V,34
WYLIE Face ID Dot Matrix Extend Testing Flex Ribbon – 14/14PLUS,38.40,Description WYLIE Face ID Dot Matrix Extend Testing Flex Ribbon – 14/14PLUS,https://www.cmedistribution.com.my/wp-content/uploads/2025/12/SVC-5535.jpg,SKU-QRUEIN,66
Honor Magic 7 Pro-5G LCD ORI Full Set,594.00,Description Product Specifications and Features: -Honor Magic 7 Pro-5G LCD ORI Full Set -Warranty 1 Month -Self Damage Will Be No Warranty,https://www.cmedistribution.com.my/wp-content/uploads/2025/12/HONOR-MAGIC-7-PRO-LCD-ORI-FS-1.jpg,SKU-27N5Q4,85
LUOWEI LW-331 Slip Tooth Drill Bit Set for Screw Loose,14.40,"Description Features: -Slip tooth drill bit set, tungsten steel alloy, excellent performance screws are easily removed with a simple tap and twist -High hardness alloy drill bit: anti-breakage, wear-resistant and non-slip, rock-solid when drilling hard materials -Sliding screw quick removal, do not worry about screw stripping even beginners can easily use it -Non-magnetic treatment on the head, drilling precision parts without attracting scraps or scratching the workpiece",https://www.cmedistribution.com.my/wp-content/uploads/2025/12/SVC-5522-1-scaled.webp|https://www.cmedistribution.com.my/wp-content/uploads/2025/12/SVC-5522-2-scaled.webp|https://www.cmedistribution.com.my/wp-content/uploads/2025/12/SVC-5522-3-scaled.webp|https://www.cmedistribution.com.my/wp-content/uploads/2025/12/SVC-5522-4-scaled.webp|https://www.cmedistribution.com.my/wp-content/uploads/2025/12/SVC-5522-5-scaled.webp,SKU-8EE3MH,67
MAANT M100 Jumper Solution Conductive Silver Paste,18.00,"Description Features: -Suitable for Phone screens, repairing circuits of yellow screen, green screen, and white screen caused by water damage -ITO Conductive Silver Paste/Flexible Screen Circuit Repair Silver Paste/Silver Powder Particle Size 0.3μm, Solid Content 80% -Ultra-Low Resistance/Excellent Adhesion/High Conductivity",https://www.cmedistribution.com.my/wp-content/uploads/2025/12/SVC-5530-1.webp|https://www.cmedistribution.com.my/wp-content/uploads/2025/12/SVC-5530-2.webp|https://www.cmedistribution.com.my/wp-content/uploads/2025/12/SVC-5530-3.webp|https://www.cmedistribution.com.my/wp-content/uploads/2025/12/SVC-5530-4.webp|https://www.cmedistribution.com.my/wp-content/uploads/2025/12/SVC-5530-5.webp|https://www.cmedistribution.com.my/wp-content/uploads/2025/12/SVC-5530-6.webp,SKU-Q7VHN7,72
MECHANIC Bull One Powerful High-Torque Electric Glue Remover,81.60,"Description Features: -Dual-Speed Power Modes: Low speed for stubborn adhesive removal and high speed for large areas, powerful performance at any setting -Precision Trinity Core System: Bearing copper sleeve and aluminum alloy head work together for rock-solid stability and straight-line power transfer -Seamless Speed Adjustment: Easily adjust from gentle to aggressive speeds, matching different materials and adhesives for perfect control -Long-Lasting 1200mAh Battery: Type-C rechargeable battery handles multiple daily removal tasks without power anxiety or frequent charging -Multi-Surface Adhesive Removal: Effortlessly removes curved-screen adhesive, hard glue, OCA factory adhesive, battery glue, and frame adhesive",https://www.cmedistribution.com.my/wp-content/uploads/2025/12/SVC-5529-1.webp|https://www.cmedistribution.com.my/wp-content/uploads/2025/12/SVC-5529-2.webp|https://www.cmedistribution.com.my/wp-content/uploads/2025/12/SVC-5529-3.webp|https://www.cmedistribution.com.my/wp-content/uploads/2025/12/SVC-5529-4.webp|https://www.cmedistribution.com.my/wp-content/uploads/2025/12/SVC-5529-5.webp|https://www.cmedistribution.com.my/wp-content/uploads/2025/12/SVC-5529-6.webp|https://www.cmedistribution.com.my/wp-content/uploads/2025/12/SVC-5529-7.webp,SKU-WAXG4R,71
MIJING MS1-I Upgrade Expansion Module 17 Series,45.60,Description MIJING MS1-I Upgrade Expansion Module 17 Series,https://www.cmedistribution.com.my/wp-content/uploads/2025/12/SVC-5519.jpg,SKU-Z2B47A,82
NASAN NA-AD01 1 Generation Automatic Glue Dispenser 10:1 AB Glue (with X-16PM Mold),4740.00,Description NASAN NA-AD01 1 Generation Automatic Glue Dispenser 10:1 AB Glue (with X-16PM Mold),https://www.cmedistribution.com.my/wp-content/uploads/2025/12/SVC-5518-1.jpg|https://www.cmedistribution.com.my/wp-content/uploads/2025/12/SVC-5518-2.jpg|https://www.cmedistribution.com.my/wp-content/uploads/2025/12/SVC-5518-3.jpg|https://www.cmedistribution.com.my/wp-content/uploads/2025/12/SVC-5518-4.jpg|https://www.cmedistribution.com.my/wp-content/uploads/2025/12/SVC-5518-5.jpg|https://www.cmedistribution.com.my/wp-content/uploads/2025/12/SVC-5518-6.jpg|https://www.cmedistribution.com.my/wp-content/uploads/2025/12/SVC-5518-7.jpg|https://www.cmedistribution.com.my/wp-content/uploads/2025/12/SVC-5518-8.jpg,SKU-VX6P6Y,83
NASAN NA-CLN Automatic Pneumatic Pressing Machine for Phone LCD Screen Glass Repair Tool,1236.00,Description NASAN NA-CLN Automatic Pneumatic Pressing Machine for Phone LCD Screen Glass Repair Tool,https://www.cmedistribution.com.my/wp-content/uploads/2025/12/SVC-5531-1.webp|https://www.cmedistribution.com.my/wp-content/uploads/2025/12/SVC-5531-2.webp|https://www.cmedistribution.com.my/wp-content/uploads/2025/12/SVC-5531-3.webp|https://www.cmedistribution.com.my/wp-content/uploads/2025/12/SVC-5531-4.webp|https://www.cmedistribution.com.my/wp-content/uploads/2025/12/SVC-5531-5.webp|https://www.cmedistribution.com.my/wp-content/uploads/2025/12/SVC-5531-6.webp|https://www.cmedistribution.com.my/wp-content/uploads/2025/12/SVC-5531-7.webp,SKU-B8QASJ,83
OSS TEAM T115 Soldering Handle for Replacement Accessories,45.60,Description OSS TEAM T115 Soldering Handle for Replacement Accessories,https://www.cmedistribution.com.my/wp-content/uploads/2025/12/SVC-5521.jpg,SKU-FJ6BAL,22
Premium Steel Chrome Small Calibration Weights 50G (1SET/2PCS),14.40,Description Premium Steel Chrome Small Calibration Weights 50G (1SET/2PCS),https://www.cmedistribution.com.my/wp-content/uploads/2025/12/SVC-5520.jpg,SKU-2OZDBQ,7
Realme 11 Pro (5G) Front Camera,19.20,Description Product Specifications and Features: -Realme 11 Pro (5G) Front Camera,https://www.cmedistribution.com.my/wp-content/uploads/2025/12/REALME-11-PRO-FRONT-CAM.jpg,SKU-RXCDCR,92
Redmi Pad Se 11″ (ORI) Charging Board + Handfree,36.00,Description Product Specifications and Features: -Redmi Pad Se 11″ (ORI) Charging Board + Handfree -(LLDB084 VER.C1-3),https://www.cmedistribution.com.my/wp-content/uploads/2025/12/REDMI-PAD-SE-11-AA-ORI-CC-BOARD.jpg,SKU-BA34HG,67
SM A04S On Board Fingerprint Connector (5*5PIN) (10PIN),3.60,Description Product Specifications and Features: -SM A04S On Board Fingerprint Connector (5*5PIN) (10PIN),https://www.cmedistribution.com.my/wp-content/uploads/2025/12/SM-A04S-CON-FINGER.jpg,SKU-986NYA,74
TBK 928 Manual Motherboard Grinder Machine,864.00,"Description Features: -Intelligent motherboard chip polishing, three axis adjustment, high-speed motor for fast polishing speed, compact size and light weight -High-Speed Motor: Built-in high-speed motor for fast grinding and adjustable speed -Three-Axis Adjustment: Three-axis XYZ direction adjustment makes grinding more convenient and flexible -Biaxial fixture: Equipped with a dual-axis motherboard fixture to prevent the motherboard from shaking during polishing",https://www.cmedistribution.com.my/wp-content/uploads/2025/12/SVC-5528-1-100x100.jpg|https://www.cmedistribution.com.my/wp-content/uploads/2025/12/SVC-5528-1-150x150.jpg|https://www.cmedistribution.com.my/wp-content/uploads/2025/12/SVC-5528-1-300x300.jpg|https://www.cmedistribution.com.my/wp-content/uploads/2025/12/SVC-5528-1-350x350.jpg|https://www.cmedistribution.com.my/wp-content/uploads/2025/12/SVC-5528-1-600x600.jpg|https://www.cmedistribution.com.my/wp-content/uploads/2025/12/SVC-5528-1.jpg|https://www.cmedistribution.com.my/wp-content/uploads/2025/12/SVC-5528-2-100x100.jpg|https://www.cmedistribution.com.my/wp-content/uploads/2025/12/SVC-5528-2-150x150.jpg|https://www.cmedistribution.com.my/wp-content/uploads/2025/12/SVC-5528-2-300x300.jpg|https://www.cmedistribution.com.my/wp-content/uploads/2025/12/SVC-5528-2-350x350.jpg|https://www.cmedistribution.com.my/wp-content/uploads/2025/12/SVC-5528-2-600x600.jpg|https://www.cmedistribution.com.my/wp-content/uploads/2025/12/SVC-5528-2.jpg|https://www.cmedistribution.com.my/wp-content/uploads/2025/12/SVC-5528-3-100x100.jpg|https://www.cmedistribution.com.my/wp-content/uploads/2025/12/SVC-5528-3-150x150.jpg|https://www.cmedistribution.com.my/wp-content/uploads/2025/12/SVC-5528-3-300x300.jpg|https://www.cmedistribution.com.my/wp-content/uploads/2025/12/SVC-5528-3-350x350.jpg|https://www.cmedistribution.com.my/wp-content/uploads/2025/12/SVC-5528-3-600x600.jpg|https://www.cmedistribution.com.my/wp-content/uploads/2025/12/SVC-5528-3.jpg|https://www.cmedistribution.com.my/wp-content/uploads/2025/12/SVC-5528-4-100x100.jpg|https://www.cmedistribution.com.my/wp-content/uploads/2025/12/SVC-5528-4-150x150.jpg|https://www.cmedistribution.com.my/wp-content/uploads/2025/12/SVC-5528-4-300x300.jpg|https://www.cmedistribution.com.my/wp-content/uploads/2025/12/SVC-5528-4-350x350.jpg|https://www.cmedistribution.com.my/wp-content/uploads/2025/12/SVC-5528-4-600x600.jpg|https://www.cmedistribution.com.my/wp-content/uploads/2025/12/SVC-5528-4.jpg|https://www.cmedistribution.com.my/wp-content/uploads/2025/12/SVC-5528-5-100x100.jpg|https://www.cmedistribution.com.my/wp-content/uploads/2025/12/SVC-5528-5-150x150.jpg|https://www.cmedistribution.com.my/wp-content/uploads/2025/12/SVC-5528-5-300x300.jpg|https://www.cmedistribution.com.my/wp-content/uploads/2025/12/SVC-5528-5-350x350.jpg|https://www.cmedistribution.com.my/wp-content/uploads/2025/12/SVC-5528-5-600x600.jpg|https://www.cmedistribution.com.my/wp-content/uploads/2025/12/SVC-5528-5.jpg,SKU-6QTE8A,49
Tecno Camon 17 Pro Ribbon On Off + Volume,3.60,Description Product Specifications and Features: -Tecno Camon 17 Pro Ribbon On Off + Volume -(H597_CG7_1_V1.1),https://www.cmedistribution.com.my/wp-content/uploads/2025/12/TECNO-CAMON-17-PRO-RB-OF.jpg,SKU-JG4YXB,34
Vivo X200 Fe-5G/S30 Pro LCD ORI Full Set,522.00,Description Product Specifications and Features: -Vivo X200 Fe-5G/S30 Pro LCD ORI Full Set -Warranty 1 Month -Self Damage Will Be No Warranty,https://www.cmedistribution.com.my/wp-content/uploads/2025/12/VIVO-X200-FE-LCD-ORI-FS.jpg,SKU-5M35VD,50
WYLIE ORIN Adhesive Force Glue 40ML,19.20,Description WYLIE ORIN Adhesive Force Glue 40ML 👉BLACK 👉CLEAR,https://www.cmedistribution.com.my/wp-content/uploads/2025/12/SVC-5525-6-1.webp|https://www.cmedistribution.com.my/wp-content/uploads/2025/12/SVC-5525-6-2.webp|https://www.cmedistribution.com.my/wp-content/uploads/2025/12/SVC-5525-6-3.webp|https://www.cmedistribution.com.my/wp-content/uploads/2025/12/SVC-5525-6-4.webp,SKU-ZT6BIU,81
Xiaomi Poco F4 GT (AA) Charging Board,21.60,Description Product Specifications and Features: -Xiaomi Poco F4 GT (AA) Charging Board -(WCHMK50-5GDJ-U CTK2506C),https://www.cmedistribution.com.my/wp-content/uploads/2025/12/XIAOMI-POCO-F4-GT-AA-CC-BOARD.jpg,SKU-CDU552,18
XYL Smart Watch Repair Fixture Holder,34.80,Description XYL Smart Watch Repair Fixture Holder,https://www.cmedistribution.com.my/wp-content/uploads/2025/12/SVC-5524-1.webp|https://www.cmedistribution.com.my/wp-content/uploads/2025/12/SVC-5524-2.webp|https://www.cmedistribution.com.my/wp-content/uploads/2025/12/SVC-5524-3.webp|https://www.cmedistribution.com.my/wp-content/uploads/2025/12/SVC-5524-4.webp,SKU-V0KISD,69
YCS 杨长顺 6558 Zone Lighting Microscope Light Source with 144 LEDs – BLACK,74.40,Description YCS 杨长顺 6558 Zone Lighting Microscope Light Source with 144 LEDs – BLACK,https://www.cmedistribution.com.my/wp-content/uploads/2025/12/SVC-5527-1.webp|https://www.cmedistribution.com.my/wp-content/uploads/2025/12/SVC-5527-2.webp|https://www.cmedistribution.com.my/wp-content/uploads/2025/12/SVC-5527-3.webp|https://www.cmedistribution.com.my/wp-content/uploads/2025/12/SVC-5527-4.webp,SKU-03AC1T,15
YCS 杨长顺 Blower Addon Curve Tips – (1SET/4PCS),16.80,Description YCS 杨长顺 Blower Addon Curve Tips – (1SET/4PCS),https://www.cmedistribution.com.my/wp-content/uploads/2025/12/SVC-5523-1.webp|https://www.cmedistribution.com.my/wp-content/uploads/2025/12/SVC-5523-2.webp|https://www.cmedistribution.com.my/wp-content/uploads/2025/12/SVC-5523-3.webp|https://www.cmedistribution.com.my/wp-content/uploads/2025/12/SVC-5523-4.webp|https://www.cmedistribution.com.my/wp-content/uploads/2025/12/SVC-5523-5.webp,SKU-3P53GH,14
微芯源 WEIXINYUAN WXY Electric Grinding Pen,43.20,Description 微芯源 WEIXINYUAN WXY Electric Grinding Pen,https://www.cmedistribution.com.my/wp-content/uploads/2025/12/SVC-5510-1.jpg|https://www.cmedistribution.com.my/wp-content/uploads/2025/12/SVC-5510-2.jpg|https://www.cmedistribution.com.my/wp-content/uploads/2025/12/SVC-5510-3.jpg|https://www.cmedistribution.com.my/wp-content/uploads/2025/12/SVC-5510-4.jpg|https://www.cmedistribution.com.my/wp-content/uploads/2025/12/SVC-5510-5.jpg,SKU-8WBDG2,75
ATUMAN ES1 High-Definition Electronic Scale (8KG),72.00,Description ATUMAN ES1 High-Definition Electronic Scale (8KG),https://www.cmedistribution.com.my/wp-content/uploads/2025/12/SVC-5506.jpg,SKU-U7MB4O,49
Google Pixel 10 LCD ORI Full Set,540.00,Description Product Specifications and Features: -Google Pixel 10 LCD ORI Full Set -Warranty 1 Month -Self Damage Will Be No Warranty,https://www.cmedistribution.com.my/wp-content/uploads/2025/12/GOOGLE-PIXEL-10-LCD-ORI-FS.jpg,SKU-DGRC08,95
Google Pixel 10 Pro LCD ORI Full Set,540.00,Description Product Specifications and Features: -Google Pixel 10 Pro LCD ORI Full Set -Warranty 1 Month -Self Damage Will Be No Warranty,https://www.cmedistribution.com.my/wp-content/uploads/2025/12/GOOGLE-PIXEL-10-PRO-LCD-ORI-FS.jpg,SKU-WXHX69,100
Google Pixel 10 Pro XL LCD ORI Full Set,780.00,Description Product Specifications and Features: -Google Pixel 10 Pro XL LCD ORI Full Set -Warranty 1 Month -Self Damage Will Be No Warranty,https://www.cmedistribution.com.my/wp-content/uploads/2025/12/GOOGLE-PIXEL-10-PRO-XL-LCD-ORI-FS.jpg,SKU-YBFNOU,85
"Honor 200 Smart-4G/X7C (4G,5G) (AA) Charging Board + Handfree",10.80,"Description Product Specifications and Features: -Honor 200 Smart-4G/X7C (4G,5G) (AA) Charging Board + Handfree -(WCRYPL9T-5G)",https://www.cmedistribution.com.my/wp-content/uploads/2025/12/HONOR-200-SMART-AA-CC-BOARD.jpg,SKU-NUN1MY,65
"Honor 200 Smart-4G/X7C (4G,5G) Ribbon On Off + Volume",3.60,"Description Product Specifications and Features: -Honor 200 Smart-4G/X7C (4G,5G) Ribbon On Off + Volume -(KJRYPL9T-5G)",https://www.cmedistribution.com.my/wp-content/uploads/2025/12/HONOR-200-SMART-RB-OF.jpg,SKU-30ICY7,13
Honor Magic V5-5G LCD ORI Full Set Without Frame (Inner Screen),1026.00,"Description Product Specifications and Features: -Honor Magic V5-5G LCD ORI Full Set Without Frame (Inner Screen) -Warranty 1 Month,After Install NO Warranty -Self Damage Will Be No Warranty",https://www.cmedistribution.com.my/wp-content/uploads/2025/12/HONOR-MAGIC-V5-5G-LCD-ORI-FS-INNER.jpeg,SKU-MU3VMP,94
HY Short Killer Electronic Short Circuit Repair,156.00,Description HY Short Killer Electronic Short Circuit Repair,https://www.cmedistribution.com.my/wp-content/uploads/2025/12/SVC-5515-1-100x100.jpeg|https://www.cmedistribution.com.my/wp-content/uploads/2025/12/SVC-5515-1-150x150.jpeg|https://www.cmedistribution.com.my/wp-content/uploads/2025/12/SVC-5515-1-300x300.jpeg|https://www.cmedistribution.com.my/wp-content/uploads/2025/12/SVC-5515-1-350x350.jpeg|https://www.cmedistribution.com.my/wp-content/uploads/2025/12/SVC-5515-1.jpeg,SKU-7DE9AW,49
LUOWEI LW-323 Lens Cleaning Rod (24PCS),6.00,"Description Features: -Resin synthetic adhesive lens cleaning rod, high adhesive material, to ensure that every cleaning does not leave a mark -Environmentally friendly, strong adhesion, no residue -Eco-friendly material: the tip is made of resin synthetic adhesive, and the body of the stick is made of PET plastic -Strong adhesion, no residue: suitable for all kinds of optical equipment, including camera lenses, cell phone cameras, microscopes, etc -No harm to electronic components can also be used to clean cell phones, motherboard components -Washable and reusable: After use, wash off the dirt with water, blow dry, and still retain the stickiness",https://www.cmedistribution.com.my/wp-content/uploads/2025/12/SVC-5511-1.jpg|https://www.cmedistribution.com.my/wp-content/uploads/2025/12/SVC-5511-2.jpg|https://www.cmedistribution.com.my/wp-content/uploads/2025/12/SVC-5511-3.jpg|https://www.cmedistribution.com.my/wp-content/uploads/2025/12/SVC-5511-4.jpg|https://www.cmedistribution.com.my/wp-content/uploads/2025/12/SVC-5511-5.jpg,SKU-CX5TE9,12
NJLD 小钢炮 Connon 16 Inches (Support 12.9″) Digital Laminate Machine,4200.00,Description NJLD 小钢炮 Connon 16 Inches (Support 12.9″) Digital Laminate Machine,https://www.cmedistribution.com.my/wp-content/uploads/2025/12/SVC-5517.jpg,SKU-598PLB,67
Phone 15/15Plus/16/16Plus/17/Air (17Air) Rear Camera Blue Light Bead Lens 蓝光珠,12.00,Description Product Specicifcations and Features: -Phone 15/15Plus/16/16Plus/17/Air (17Air) Rear Camera Blue Light Bead Lens 蓝光珠,https://www.cmedistribution.com.my/wp-content/uploads/2025/12/IP-15-1X-BLUE-LIGHT-BEADS蓝光珠-100x100.jpg|https://www.cmedistribution.com.my/wp-content/uploads/2025/12/IP-15-1X-BLUE-LIGHT-BEADS蓝光珠-1024x1024.jpg|https://www.cmedistribution.com.my/wp-content/uploads/2025/12/IP-15-1X-BLUE-LIGHT-BEADS蓝光珠-150x150.jpg|https://www.cmedistribution.com.my/wp-content/uploads/2025/12/IP-15-1X-BLUE-LIGHT-BEADS蓝光珠-300x300.jpg|https://www.cmedistribution.com.my/wp-content/uploads/2025/12/IP-15-1X-BLUE-LIGHT-BEADS蓝光珠-350x350.jpg|https://www.cmedistribution.com.my/wp-content/uploads/2025/12/IP-15-1X-BLUE-LIGHT-BEADS蓝光珠-600x600.jpg|https://www.cmedistribution.com.my/wp-content/uploads/2025/12/IP-15-1X-BLUE-LIGHT-BEADS蓝光珠-768x768.jpg|https://www.cmedistribution.com.my/wp-content/uploads/2025/12/IP-15-1X-BLUE-LIGHT-BEADS蓝光珠.jpg,SKU-SIYI0U,13
Phone 15ProMax/16Pro/16ProMax (X5) Rear Camera Blue Light Bead Lens 蓝光珠,42.00,Description Product Specifications and Features: -Phone 15ProMax/16Pro/16ProMax (X5) Rear Camera Blue Light Bead Lens 蓝光珠,https://www.cmedistribution.com.my/wp-content/uploads/2025/12/IP-15PROMAX-5X-BLUE-LIGHT-BEADS蓝光珠-100x100.jpg|https://www.cmedistribution.com.my/wp-content/uploads/2025/12/IP-15PROMAX-5X-BLUE-LIGHT-BEADS蓝光珠-1024x1024.jpg|https://www.cmedistribution.com.my/wp-content/uploads/2025/12/IP-15PROMAX-5X-BLUE-LIGHT-BEADS蓝光珠-150x150.jpg|https://www.cmedistribution.com.my/wp-content/uploads/2025/12/IP-15PROMAX-5X-BLUE-LIGHT-BEADS蓝光珠-300x300.jpg|https://www.cmedistribution.com.my/wp-content/uploads/2025/12/IP-15PROMAX-5X-BLUE-LIGHT-BEADS蓝光珠-350x350.jpg|https://www.cmedistribution.com.my/wp-content/uploads/2025/12/IP-15PROMAX-5X-BLUE-LIGHT-BEADS蓝光珠-600x600.jpg|https://www.cmedistribution.com.my/wp-content/uploads/2025/12/IP-15PROMAX-5X-BLUE-LIGHT-BEADS蓝光珠-768x768.jpg|https://www.cmedistribution.com.my/wp-content/uploads/2025/12/IP-15PROMAX-5X-BLUE-LIGHT-BEADS蓝光珠.jpg,SKU-89WR4C,66
Phone 17 LCD Frame,14.40,Description Product Specicifcations and Features: -Phone 17 LCD Frame -No Warranty,https://www.cmedistribution.com.my/wp-content/uploads/2025/12/IP-17-LCD-FRAME.jpg,SKU-C9HOJ1,47
Phone 17Pro LCD Frame,14.40,Description Product Specicifcations and Features: -Phone 17Pro LCD Frame -No Warranty,https://www.cmedistribution.com.my/wp-content/uploads/2025/12/IP-17PRO-LCD-FRAME.jpg,SKU-S3ERHS,26
Phone 17ProMax LCD Frame,14.40,Description Product Specicifcations and Features: -Phone 17ProMax LCD Frame -No Warranty,https://www.cmedistribution.com.my/wp-content/uploads/2025/12/IP-17PROMAX-LCD-FRAME.jpg,SKU-881D69,84
Phone Air (17Air) LCD Frame,14.40,Description Product Specicifcations and Features: -Phone Air (17Air) LCD Frame -No Warranty,https://www.cmedistribution.com.my/wp-content/uploads/2025/12/IP-17AIR-LCD-FRAME.jpg,SKU-43ZA6S,35
SM A34-5G A346 Buzzer,3.60,Description Product Specicifcations and Features: -SM A34-5G A346 Buzzer,https://www.cmedistribution.com.my/wp-content/uploads/2025/12/SAM-A34-5G-BUZ.jpg,SKU-X61BBB,13
SM Z Fold 7-5G SM-F966 LCD ORI NEW Full Set Without Frame (Inner Screen),2376.00,"Description Product Specifications and Features: -SM Z Fold 7-5G SM-F966 LCD ORI NEW Full Set Without Frame (Inner Screen) -Warranty 1 Month,After Install NO Warranty -Self Damage Will Be No Warranty",https://www.cmedistribution.com.my/wp-content/uploads/2025/12/SM-Z-FOLD-7-LCD-ORI-FS-INNER.jpeg,SKU-U07BGQ,11
Thermal Grizzly Ultra High Performance Liquid Metal Compound 1G,57.60,Description Thermal Grizzly Ultra High Performance Liquid Metal Compound 1G,https://www.cmedistribution.com.my/wp-content/uploads/2025/12/SVC-5516-1-1.jpeg|https://www.cmedistribution.com.my/wp-content/uploads/2025/12/SVC-5516-2-1.jpeg,SKU-HLFDAD,14
ATUMAN ES1 High-Definition Electronic Scale (3KG),66.00,Description ATUMAN ES1 High-Definition Electronic Scale (3KG),https://www.cmedistribution.com.my/wp-content/uploads/2025/12/SVC-5504.jpg,SKU-1TRSPR,91
ATUMAN ES2 High-Definition Electronic Scale (5KG),69.60,Description ATUMAN ES2 High-Definition Electronic Scale (5KG),https://www.cmedistribution.com.my/wp-content/uploads/2025/12/SVC-5505.jpg,SKU-5UL225,54
Honor 200 Pro-5G (AA) Charging Board + Sim Holder,14.40,Description Product Specifications and Features: -Honor 200 Pro-5G (AA) Charging Board + Sim Holder,https://www.cmedistribution.com.my/wp-content/uploads/2025/12/HONOR-200-PRO-5G-AA-CC-BOARD-100x100.jpeg|https://www.cmedistribution.com.my/wp-content/uploads/2025/12/HONOR-200-PRO-5G-AA-CC-BOARD-1024x1024.jpeg|https://www.cmedistribution.com.my/wp-content/uploads/2025/12/HONOR-200-PRO-5G-AA-CC-BOARD-150x150.jpeg|https://www.cmedistribution.com.my/wp-content/uploads/2025/12/HONOR-200-PRO-5G-AA-CC-BOARD-300x300.jpeg|https://www.cmedistribution.com.my/wp-content/uploads/2025/12/HONOR-200-PRO-5G-AA-CC-BOARD-350x350.jpeg|https://www.cmedistribution.com.my/wp-content/uploads/2025/12/HONOR-200-PRO-5G-AA-CC-BOARD-600x600.jpeg|https://www.cmedistribution.com.my/wp-content/uploads/2025/12/HONOR-200-PRO-5G-AA-CC-BOARD-768x768.jpeg|https://www.cmedistribution.com.my/wp-content/uploads/2025/12/HONOR-200-PRO-5G-AA-CC-BOARD.jpeg,SKU-5UWVGC,36
"Honor 400 Smart (4G,5G)/X7D (4G,5G) LCD Frame",19.20,"Description Product Specifications and Features: -Honor 400 Smart (4G,5G)/X7D (4G,5G) LCD Frame -(NO WARRANTY)",https://www.cmedistribution.com.my/wp-content/uploads/2025/12/HONOR-400-SMART-LCD-FRAME-100x100.jpeg|https://www.cmedistribution.com.my/wp-content/uploads/2025/12/HONOR-400-SMART-LCD-FRAME-1024x1024.jpeg|https://www.cmedistribution.com.my/wp-content/uploads/2025/12/HONOR-400-SMART-LCD-FRAME-150x150.jpeg|https://www.cmedistribution.com.my/wp-content/uploads/2025/12/HONOR-400-SMART-LCD-FRAME-300x300.jpeg|https://www.cmedistribution.com.my/wp-content/uploads/2025/12/HONOR-400-SMART-LCD-FRAME-350x350.jpeg|https://www.cmedistribution.com.my/wp-content/uploads/2025/12/HONOR-400-SMART-LCD-FRAME-600x600.jpeg|https://www.cmedistribution.com.my/wp-content/uploads/2025/12/HONOR-400-SMART-LCD-FRAME-768x768.jpeg|https://www.cmedistribution.com.my/wp-content/uploads/2025/12/HONOR-400-SMART-LCD-FRAME.jpeg,SKU-8UO07M,34
Honor X6C-4G (AA) Charging Board,7.20,Description Product Specifications and Features: -Honor X6C-4G (AA) Charging Board -(WCRYCW60-5G),https://www.cmedistribution.com.my/wp-content/uploads/2025/12/HONOR-X6C-4G-AA-CC-BOARD.jpeg,SKU-KZA6RM,77
Honor X8C-4G (AA) Charging Board,12.00,Description Product Specifications and Features: -Honor X8C-4G (AA) Charging Board -(WCRYX60I-5G),https://www.cmedistribution.com.my/wp-content/uploads/2025/12/HONOR-X8C-4G-AA-CC-BOARD.jpeg,SKU-VHIRO6,3
Honor X9D-5G LCD Frame,90.00,Description Product Specifications and Features: -Honor X9D-5G LCD Frame -(NO WARRANTY),https://www.cmedistribution.com.my/wp-content/uploads/2025/12/HONOR-X9D-LCD-FRAME-100x100.jpeg|https://www.cmedistribution.com.my/wp-content/uploads/2025/12/HONOR-X9D-LCD-FRAME-1024x1024.jpeg|https://www.cmedistribution.com.my/wp-content/uploads/2025/12/HONOR-X9D-LCD-FRAME-150x150.jpeg|https://www.cmedistribution.com.my/wp-content/uploads/2025/12/HONOR-X9D-LCD-FRAME-300x300.jpeg|https://www.cmedistribution.com.my/wp-content/uploads/2025/12/HONOR-X9D-LCD-FRAME-350x350.jpeg|https://www.cmedistribution.com.my/wp-content/uploads/2025/12/HONOR-X9D-LCD-FRAME-600x600.jpeg|https://www.cmedistribution.com.my/wp-content/uploads/2025/12/HONOR-X9D-LCD-FRAME-768x768.jpeg|https://www.cmedistribution.com.my/wp-content/uploads/2025/12/HONOR-X9D-LCD-FRAME.jpeg,SKU-7J5RUL,6
Phone 14Pro/14ProMax/15Pro/15ProMax/16Pro/16ProMax/17Pro/17ProMax/Air (17Air) (1TB)-S5E BGA315 NAND Flash Hard Disk (Small Disk),708.00,"Description Product Specifications and Features: -Phone 14Pro/14ProMax/15Pro/15ProMax/16Pro/16ProMax/17Pro/17ProMax/Air (17Air) (1TB)-S5E BGA315 NAND Flash Hard Disk (Small Disk) -(Toshiba K5A5-512,K5A8-1T,ToshibaK8A5-1T,K6B2-1,Hynix HN3T3C-1,HN3T3D-1T)",https://www.cmedistribution.com.my/wp-content/uploads/2025/12/1tb-s5e.jpg,SKU-A1UDEO,52
Phone 17 Ribbon Flex Wireless Charging + Flash Light,114.00,Description Product Specifications and Features: -Phone 17 Ribbon Flex Wireless Charging + Flash Light -(05400-04),https://www.cmedistribution.com.my/wp-content/uploads/2025/12/IP-17-RB-WIRELESS-CC-100x100.jpeg|https://www.cmedistribution.com.my/wp-content/uploads/2025/12/IP-17-RB-WIRELESS-CC-1024x1024.jpeg|https://www.cmedistribution.com.my/wp-content/uploads/2025/12/IP-17-RB-WIRELESS-CC-150x150.jpeg|https://www.cmedistribution.com.my/wp-content/uploads/2025/12/IP-17-RB-WIRELESS-CC-300x300.jpeg|https://www.cmedistribution.com.my/wp-content/uploads/2025/12/IP-17-RB-WIRELESS-CC-350x350.jpeg|https://www.cmedistribution.com.my/wp-content/uploads/2025/12/IP-17-RB-WIRELESS-CC-600x600.jpeg|https://www.cmedistribution.com.my/wp-content/uploads/2025/12/IP-17-RB-WIRELESS-CC-768x768.jpeg|https://www.cmedistribution.com.my/wp-content/uploads/2025/12/IP-17-RB-WIRELESS-CC.jpeg,SKU-4Z1B4G,89
Phone 17Pro/17ProMax/Air (17Air) (1TB)-S6E BGA315 NAND Flash Hard Disk (Small Disk),708.00,"Description Product Specifications and Features: -Phone 17Pro/17ProMax/Air (17Air) (1TB)-S6E BGA315 NAND Flash Hard Disk (Small Disk) -(Toshiba K5B4-512,K8A8-512,K8A9-1T,K8B2-2T, SM GG-1T,IG-2T,SM Hynix 2NB-256,4NB-512,ANB-2T)",https://www.cmedistribution.com.my/wp-content/uploads/2025/12/IP-17PRO-1TB-S6E-SMALL-DISK-100x100.jpg|https://www.cmedistribution.com.my/wp-content/uploads/2025/12/IP-17PRO-1TB-S6E-SMALL-DISK-1024x1024.jpg|https://www.cmedistribution.com.my/wp-content/uploads/2025/12/IP-17PRO-1TB-S6E-SMALL-DISK-150x150.jpg|https://www.cmedistribution.com.my/wp-content/uploads/2025/12/IP-17PRO-1TB-S6E-SMALL-DISK-300x300.jpg|https://www.cmedistribution.com.my/wp-content/uploads/2025/12/IP-17PRO-1TB-S6E-SMALL-DISK-350x350.jpg|https://www.cmedistribution.com.my/wp-content/uploads/2025/12/IP-17PRO-1TB-S6E-SMALL-DISK-600x600.jpg|https://www.cmedistribution.com.my/wp-content/uploads/2025/12/IP-17PRO-1TB-S6E-SMALL-DISK-768x768.jpg|https://www.cmedistribution.com.my/wp-content/uploads/2025/12/IP-17PRO-1TB-S6E-SMALL-DISK.jpg,SKU-K3CG1F,94
Phone 17Pro Ribbon Flex Wireless Charging,114.00,Description Product Specifications and Features: -Phone 17Pro Ribbon Flex Wireless Charging -(821-05768-06),https://www.cmedistribution.com.my/wp-content/uploads/2025/12/IP-17PRO-RB-WIRELESS-CC-100x100.jpeg|https://www.cmedistribution.com.my/wp-content/uploads/2025/12/IP-17PRO-RB-WIRELESS-CC-1024x1024.jpeg|https://www.cmedistribution.com.my/wp-content/uploads/2025/12/IP-17PRO-RB-WIRELESS-CC-150x150.jpeg|https://www.cmedistribution.com.my/wp-content/uploads/2025/12/IP-17PRO-RB-WIRELESS-CC-300x300.jpeg|https://www.cmedistribution.com.my/wp-content/uploads/2025/12/IP-17PRO-RB-WIRELESS-CC-350x350.jpeg|https://www.cmedistribution.com.my/wp-content/uploads/2025/12/IP-17PRO-RB-WIRELESS-CC-600x600.jpeg|https://www.cmedistribution.com.my/wp-content/uploads/2025/12/IP-17PRO-RB-WIRELESS-CC-768x768.jpeg|https://www.cmedistribution.com.my/wp-content/uploads/2025/12/IP-17PRO-RB-WIRELESS-CC.jpeg,SKU-L1VRDJ,39
Phone 17ProMax Ribbon Flex Wireless Charging,114.00,Description Product Specifications and Features: -Phone 17ProMax Ribbon Flex Wireless Charging -(821-05770-04),https://www.cmedistribution.com.my/wp-content/uploads/2025/12/IP-17PM-RB-WIRELESS-CC.jpeg,SKU-6RAL2M,84
PPD S620 Solder Paste 138°C 50G,18.00,Description PPD S620 Solder Paste 138°C 50G,https://www.cmedistribution.com.my/wp-content/uploads/2025/12/SVC-5503.jpg,SKU-2YR0AZ,65
"PXD Pro 12.9 (3RD,2018) A2014,A1895,A1876,A1983 8N028/V80X, (CD321500Z) Charging + Eeprom IC",42.00,"Description Product Specifications and Features: -PXD Pro 12.9 (3RD,2018) A2014,A1895,A1876,A1983 8N028/V80X, (CD321500Z) Charging + Eeprom IC",https://www.cmedistribution.com.my/wp-content/uploads/2025/12/CG-EEPROM-IC-IPAD-PRO-12.9-2018-100x100.jpg|https://www.cmedistribution.com.my/wp-content/uploads/2025/12/CG-EEPROM-IC-IPAD-PRO-12.9-2018-150x150.jpg|https://www.cmedistribution.com.my/wp-content/uploads/2025/12/CG-EEPROM-IC-IPAD-PRO-12.9-2018-300x300.jpg|https://www.cmedistribution.com.my/wp-content/uploads/2025/12/CG-EEPROM-IC-IPAD-PRO-12.9-2018-350x350.jpg|https://www.cmedistribution.com.my/wp-content/uploads/2025/12/CG-EEPROM-IC-IPAD-PRO-12.9-2018-600x597.jpg|https://www.cmedistribution.com.my/wp-content/uploads/2025/12/CG-EEPROM-IC-IPAD-PRO-12.9-2018.jpg,SKU-VC5QNN,91
"PXD Pro 12.9 (4TH,2020) A2069,A2232,A2233,A2229 8N028/V80X, (CD3217B12) Charging + Eeprom IC",36.00,"Description Product Specifications and Features: -PXD Pro 12.9 (4TH,2020) A2069,A2232,A2233,A2229 8N028/V80X, (CD3217B12) Charging + Eeprom IC",https://www.cmedistribution.com.my/wp-content/uploads/2025/12/CG-EEPROM-IC-IPAD-PRO-12.9-2020-100x100.jpg|https://www.cmedistribution.com.my/wp-content/uploads/2025/12/CG-EEPROM-IC-IPAD-PRO-12.9-2020-150x150.jpg|https://www.cmedistribution.com.my/wp-content/uploads/2025/12/CG-EEPROM-IC-IPAD-PRO-12.9-2020-300x300.jpg|https://www.cmedistribution.com.my/wp-content/uploads/2025/12/CG-EEPROM-IC-IPAD-PRO-12.9-2020-350x350.jpg|https://www.cmedistribution.com.my/wp-content/uploads/2025/12/CG-EEPROM-IC-IPAD-PRO-12.9-2020.jpg,SKU-0LPTQP,75
"PXD Pro 12.9 (5TH,2021) A2379,A2461,A2462 8N028/V80X, (CD3217B12) Charging + Eeprom IC",36.00,"Description Product Specifications and Features: -PXD Pro 12.9 (5TH,2021) A2379,A2461,A2462 8N028/V80X, (CD3217B12) Charging + Eeprom IC",https://www.cmedistribution.com.my/wp-content/uploads/2025/12/CG-EEPROM-IC-IPAD-PRO-12.9-2021-100x100.jpg|https://www.cmedistribution.com.my/wp-content/uploads/2025/12/CG-EEPROM-IC-IPAD-PRO-12.9-2021-150x150.jpg|https://www.cmedistribution.com.my/wp-content/uploads/2025/12/CG-EEPROM-IC-IPAD-PRO-12.9-2021-300x300.jpg|https://www.cmedistribution.com.my/wp-content/uploads/2025/12/CG-EEPROM-IC-IPAD-PRO-12.9-2021-350x350.jpg|https://www.cmedistribution.com.my/wp-content/uploads/2025/12/CG-EEPROM-IC-IPAD-PRO-12.9-2021.jpg,SKU-QRH4PT,67
"PXD Pro 12.9 (6TH,2022) A2764,A2437,A2766,A2436 8N028/V80X, (CD3217B13)) Charging + Eeprom IC",36.00,"Description Product Specifications and Features: -PXD Pro 12.9 (6TH,2022) A2764,A2437,A2766,A2436 8N028/V80X, (CD3217B13)) Charging + Eeprom IC",https://www.cmedistribution.com.my/wp-content/uploads/2025/12/CG-EEPROM-IC-IPAD-PRO-12.9-2022-100x100.jpg|https://www.cmedistribution.com.my/wp-content/uploads/2025/12/CG-EEPROM-IC-IPAD-PRO-12.9-2022-150x150.jpg|https://www.cmedistribution.com.my/wp-content/uploads/2025/12/CG-EEPROM-IC-IPAD-PRO-12.9-2022-300x300.jpg|https://www.cmedistribution.com.my/wp-content/uploads/2025/12/CG-EEPROM-IC-IPAD-PRO-12.9-2022-350x350.jpg|https://www.cmedistribution.com.my/wp-content/uploads/2025/12/CG-EEPROM-IC-IPAD-PRO-12.9-2022.jpg,SKU-L0BYG5,84
"Redmi 15 (4G,5G) LCD Frame",19.20,"Description Product Specifications and Features: -Redmi 15 (4G,5G) LCD Frame -(NO WARRANTY)",https://www.cmedistribution.com.my/wp-content/uploads/2025/12/REDMI-15-LCD-FRAME.jpeg,SKU-SFZGUL,38
Redmi Note 14 ProPlus-5G LCD Frame,45.60,Description Product Specifications and Features: -Redmi Note 14 ProPlus-5G LCD Frame -(NO WARRANTY),https://www.cmedistribution.com.my/wp-content/uploads/2025/12/REDMI-NOTE-14-PROPLUS-LCD-FRAME-100x100.jpeg|https://www.cmedistribution.com.my/wp-content/uploads/2025/12/REDMI-NOTE-14-PROPLUS-LCD-FRAME-1024x1024.jpeg|https://www.cmedistribution.com.my/wp-content/uploads/2025/12/REDMI-NOTE-14-PROPLUS-LCD-FRAME-150x150.jpeg|https://www.cmedistribution.com.my/wp-content/uploads/2025/12/REDMI-NOTE-14-PROPLUS-LCD-FRAME-300x300.jpeg|https://www.cmedistribution.com.my/wp-content/uploads/2025/12/REDMI-NOTE-14-PROPLUS-LCD-FRAME-350x350.jpeg|https://www.cmedistribution.com.my/wp-content/uploads/2025/12/REDMI-NOTE-14-PROPLUS-LCD-FRAME-600x600.jpeg|https://www.cmedistribution.com.my/wp-content/uploads/2025/12/REDMI-NOTE-14-PROPLUS-LCD-FRAME-768x768.jpeg|https://www.cmedistribution.com.my/wp-content/uploads/2025/12/REDMI-NOTE-14-PROPLUS-LCD-FRAME.jpeg,SKU-8CJVX9,27
Vivo V30-5G/V30 Pro-5G LCD Frame,54.00,Description Product Specifications and Features: -Vivo V30-5G/V30 Pro-5G LCD Frame -(NO WARRANTY),https://www.cmedistribution.com.my/wp-content/uploads/2025/12/VIVO-V30-LCD-FRAME.jpeg,SKU-XNZ0KS,69
Audio IC X1G1,7.20,Description Product Specifications and Features: -Audio IC X1G1,https://www.cmedistribution.com.my/wp-content/uploads/2025/12/AUDIO-IC-X1G1.jpeg,SKU-AK8APG,62
Charging IC 2D430L,7.20,Description Product Specifications and Features: -Charging IC 2D430L,https://www.cmedistribution.com.my/wp-content/uploads/2025/12/CHARGING-IC-2D430L.jpeg,SKU-QNG0Q8,66
Honor 200-5G Ribbon UI For Charging,7.20,Description Product Specifications and Features: -Honor 200-5G Ribbon UI For Charging -(HN2ELIFL VER.A),https://www.cmedistribution.com.my/wp-content/uploads/2025/12/HONOR-200-5G-RB-UI-CG.jpeg,SKU-5VQ1DK,88
Honor 200 Lite-5G Ribbon UI For Charging,7.20,Description Product Specifications and Features: -Honor 200 Lite-5G Ribbon UI For Charging -(HSDW-ZPWRYX50I+),https://www.cmedistribution.com.my/wp-content/uploads/2025/12/HONOR-200-LITE-RB-UI-CG-100x100.jpeg|https://www.cmedistribution.com.my/wp-content/uploads/2025/12/HONOR-200-LITE-RB-UI-CG-1024x1024.jpeg|https://www.cmedistribution.com.my/wp-content/uploads/2025/12/HONOR-200-LITE-RB-UI-CG-150x150.jpeg|https://www.cmedistribution.com.my/wp-content/uploads/2025/12/HONOR-200-LITE-RB-UI-CG-300x300.jpeg|https://www.cmedistribution.com.my/wp-content/uploads/2025/12/HONOR-200-LITE-RB-UI-CG-350x350.jpeg|https://www.cmedistribution.com.my/wp-content/uploads/2025/12/HONOR-200-LITE-RB-UI-CG-600x600.jpeg|https://www.cmedistribution.com.my/wp-content/uploads/2025/12/HONOR-200-LITE-RB-UI-CG-768x768.jpeg|https://www.cmedistribution.com.my/wp-content/uploads/2025/12/HONOR-200-LITE-RB-UI-CG.jpeg,SKU-OYARR9,57
Honor 200 Pro-5G Ribbon UI For Charging,7.20,Description Product Specifications and Features: -Honor 200 Pro-5G Ribbon UI For Charging -(HN2ELPFL VER.A),https://www.cmedistribution.com.my/wp-content/uploads/2025/12/HONOR-200-PRO-RB-UI-CG.jpeg,SKU-GDXJ9W,7
Honor 400 Smart-5G/X7D-5G (AA) Charging Board + Sim Holder,14.40,Description Product Specifications and Features: -Honor 400 Smart-5G/X7D-5G (AA) Charging Board + Sim Holder -(WCCW70PO-5G CT2510P1),https://www.cmedistribution.com.my/wp-content/uploads/2025/12/HONOR-400-SMART-AA-CC-BOARD.jpeg,SKU-J00ZHF,64
Honor X6C-4G Ribbon On Off + Volume,3.60,Description Product Specifications and Features: -Honor X6C-4G Ribbon On Off + Volume -(KJRYCW60-5G(P2)),https://www.cmedistribution.com.my/wp-content/uploads/2025/12/HONOR-X6C-4G-RB-OF.jpeg,SKU-L72K2R,95
Honor X9D-5G (AA) Charging Board + Sim Holder,8.40,Description Product Specifications and Features: -Honor X9D-5G (AA) Charging Board + Sim Holder -(WCRYX70-5G CT2510P1),https://www.cmedistribution.com.my/wp-content/uploads/2025/12/HONOR-X9D-AA-CC-BOARD.jpeg,SKU-H2JEF6,70
Honor X9D-5G Ribbon On Off + Volume,3.60,Description Product Specifications and Features: -Honor X9D-5G Ribbon On Off + Volume -KJRYX70-5G(P2)),https://www.cmedistribution.com.my/wp-content/uploads/2025/12/HONOR-X9D-RB-OF.jpeg,SKU-FVU1EF,49
Honor X9D-5G Ribbon UI For Charging,7.20,Description Product Specifications and Features: -Honor X9D-5G Ribbon UI For Charging -(HN1MTNFL),https://www.cmedistribution.com.my/wp-content/uploads/2025/12/HONOR-X9D-RB-UI-CG.jpeg,SKU-KPAD66,47
PA IC RR88916-31,9.60,Description Product Specifications and Features: -PA IC RR88916-31,https://www.cmedistribution.com.my/wp-content/uploads/2025/12/PA-IC-RR88916-31-100x100.jpeg|https://www.cmedistribution.com.my/wp-content/uploads/2025/12/PA-IC-RR88916-31-1024x1024.jpeg|https://www.cmedistribution.com.my/wp-content/uploads/2025/12/PA-IC-RR88916-31-150x150.jpeg|https://www.cmedistribution.com.my/wp-content/uploads/2025/12/PA-IC-RR88916-31-300x300.jpeg|https://www.cmedistribution.com.my/wp-content/uploads/2025/12/PA-IC-RR88916-31-350x350.jpeg|https://www.cmedistribution.com.my/wp-content/uploads/2025/12/PA-IC-RR88916-31-600x600.jpeg|https://www.cmedistribution.com.my/wp-content/uploads/2025/12/PA-IC-RR88916-31-768x768.jpeg|https://www.cmedistribution.com.my/wp-content/uploads/2025/12/PA-IC-RR88916-31.jpeg,SKU-T6YOAE,47
Phone 17 Sim Tray (1SIM),3.60,Description Product Specifications and Features: -Phone 17 Sim Tray (1SIM),https://www.cmedistribution.com.my/wp-content/uploads/2025/12/IP-17-1SIMC-100x100.jpeg|https://www.cmedistribution.com.my/wp-content/uploads/2025/12/IP-17-1SIMC-1024x1024.jpeg|https://www.cmedistribution.com.my/wp-content/uploads/2025/12/IP-17-1SIMC-150x150.jpeg|https://www.cmedistribution.com.my/wp-content/uploads/2025/12/IP-17-1SIMC-300x300.jpeg|https://www.cmedistribution.com.my/wp-content/uploads/2025/12/IP-17-1SIMC-350x350.jpeg|https://www.cmedistribution.com.my/wp-content/uploads/2025/12/IP-17-1SIMC-600x600.jpeg|https://www.cmedistribution.com.my/wp-content/uploads/2025/12/IP-17-1SIMC-768x768.jpeg|https://www.cmedistribution.com.my/wp-content/uploads/2025/12/IP-17-1SIMC.jpeg,SKU-WIKPRU,89
Phone 17 Sim Tray (2SIM),3.60,Description Product Specifications and Features: -Phone 17 Sim Tray (2SIM),https://www.cmedistribution.com.my/wp-content/uploads/2025/12/IP-17-2SIMC-100x100.jpeg|https://www.cmedistribution.com.my/wp-content/uploads/2025/12/IP-17-2SIMC-1024x1024.jpeg|https://www.cmedistribution.com.my/wp-content/uploads/2025/12/IP-17-2SIMC-150x150.jpeg|https://www.cmedistribution.com.my/wp-content/uploads/2025/12/IP-17-2SIMC-300x300.jpeg|https://www.cmedistribution.com.my/wp-content/uploads/2025/12/IP-17-2SIMC-350x350.jpeg|https://www.cmedistribution.com.my/wp-content/uploads/2025/12/IP-17-2SIMC-600x600.jpeg|https://www.cmedistribution.com.my/wp-content/uploads/2025/12/IP-17-2SIMC-768x768.jpeg|https://www.cmedistribution.com.my/wp-content/uploads/2025/12/IP-17-2SIMC.jpeg,SKU-CCMEAW,88
Phone 17Pro/17ProMax Sim Tray (1SIM),3.60,Description Product Specifications and Features: -Phone 17Pro/17ProMax Sim Tray (1SIM),https://www.cmedistribution.com.my/wp-content/uploads/2025/12/IP-17PRO-1SIMC-100x100.jpeg|https://www.cmedistribution.com.my/wp-content/uploads/2025/12/IP-17PRO-1SIMC-1024x1024.jpeg|https://www.cmedistribution.com.my/wp-content/uploads/2025/12/IP-17PRO-1SIMC-150x150.jpeg|https://www.cmedistribution.com.my/wp-content/uploads/2025/12/IP-17PRO-1SIMC-300x300.jpeg|https://www.cmedistribution.com.my/wp-content/uploads/2025/12/IP-17PRO-1SIMC-350x350.jpeg|https://www.cmedistribution.com.my/wp-content/uploads/2025/12/IP-17PRO-1SIMC-600x600.jpeg|https://www.cmedistribution.com.my/wp-content/uploads/2025/12/IP-17PRO-1SIMC-768x768.jpeg|https://www.cmedistribution.com.my/wp-content/uploads/2025/12/IP-17PRO-1SIMC.jpeg,SKU-DBH25V,46
Phone 17Pro/17ProMax Sim Tray (2SIM),3.60,Description Product Specifications and Features: -Phone 17Pro/17ProMax Sim Tray (2SIM),https://www.cmedistribution.com.my/wp-content/uploads/2025/12/IP-17PRO-2SIMC-100x100.jpeg|https://www.cmedistribution.com.my/wp-content/uploads/2025/12/IP-17PRO-2SIMC-1024x1024.jpeg|https://www.cmedistribution.com.my/wp-content/uploads/2025/12/IP-17PRO-2SIMC-150x150.jpeg|https://www.cmedistribution.com.my/wp-content/uploads/2025/12/IP-17PRO-2SIMC-300x300.jpeg|https://www.cmedistribution.com.my/wp-content/uploads/2025/12/IP-17PRO-2SIMC-350x350.jpeg|https://www.cmedistribution.com.my/wp-content/uploads/2025/12/IP-17PRO-2SIMC-600x600.jpeg|https://www.cmedistribution.com.my/wp-content/uploads/2025/12/IP-17PRO-2SIMC-768x768.jpeg|https://www.cmedistribution.com.my/wp-content/uploads/2025/12/IP-17PRO-2SIMC.jpeg,SKU-1UICAX,100
"Redmi 15 (4G,5G) (AA) Charging Board",9.60,"Description Product Specifications and Features: -Redmi 15 (4G,5G) (AA) Charging Board -(WCHM15-4G)",https://www.cmedistribution.com.my/wp-content/uploads/2025/12/REDMI-15-AA-CC-BOARD-100x100.jpeg|https://www.cmedistribution.com.my/wp-content/uploads/2025/12/REDMI-15-AA-CC-BOARD-1024x1024.jpeg|https://www.cmedistribution.com.my/wp-content/uploads/2025/12/REDMI-15-AA-CC-BOARD-150x150.jpeg|https://www.cmedistribution.com.my/wp-content/uploads/2025/12/REDMI-15-AA-CC-BOARD-300x300.jpeg|https://www.cmedistribution.com.my/wp-content/uploads/2025/12/REDMI-15-AA-CC-BOARD-350x350.jpeg|https://www.cmedistribution.com.my/wp-content/uploads/2025/12/REDMI-15-AA-CC-BOARD-600x600.jpeg|https://www.cmedistribution.com.my/wp-content/uploads/2025/12/REDMI-15-AA-CC-BOARD-768x768.jpeg|https://www.cmedistribution.com.my/wp-content/uploads/2025/12/REDMI-15-AA-CC-BOARD.jpeg,SKU-G5WURO,41
"Redmi 15C (4G,5G) Charging Board + Handfree",9.60,"Description Product Specifications and Features: -Redmi 15C (4G,5G) Charging Board + Handfree -(WCHM15C)",https://www.cmedistribution.com.my/wp-content/uploads/2025/12/REDMI-15C-AA-CC-BOARD.jpeg,SKU-P1BJUL,33
Redmi Note 15 Pro-5G (AA) Charging Board + Sim Holder,14.40,Description Product Specifications and Features: -Redmi Note 15 Pro-5G (AA) Charging Board + Sim Holder -(WCHMN15P-5G CT2510P1),https://www.cmedistribution.com.my/wp-content/uploads/2025/12/REDMI-NOTE-15-PRO-5G-AA-CC-BOARD.jpeg,SKU-W3X8S3,42
Redmi Note 15Pro Plus-5G (AA) Charging Board + Sim Holder,18.00,Description Product Specifications and Features: -Redmi Note 15Pro Plus-5G (AA) Charging Board + Sim Holder -(WCHMN15P+-5G CT2510P1),https://www.cmedistribution.com.my/wp-content/uploads/2025/12/REDMI-NOTE-15-PRO-AA-CC-BOARD.jpeg,SKU-KLQR04,41
Sony Xperia 1 V-5G (ORI) Charging Flex Ribbon,33.60,Description Product Specifications and Features: -Sony Xperia 1 V-5G (ORI) Charging Flex Ribbon,https://www.cmedistribution.com.my/wp-content/uploads/2025/12/XPERIA-1-V-5G-ORI-CC-RB-100x100.jpeg|https://www.cmedistribution.com.my/wp-content/uploads/2025/12/XPERIA-1-V-5G-ORI-CC-RB-1024x1024.jpeg|https://www.cmedistribution.com.my/wp-content/uploads/2025/12/XPERIA-1-V-5G-ORI-CC-RB-150x150.jpeg|https://www.cmedistribution.com.my/wp-content/uploads/2025/12/XPERIA-1-V-5G-ORI-CC-RB-300x300.jpeg|https://www.cmedistribution.com.my/wp-content/uploads/2025/12/XPERIA-1-V-5G-ORI-CC-RB-350x350.jpeg|https://www.cmedistribution.com.my/wp-content/uploads/2025/12/XPERIA-1-V-5G-ORI-CC-RB-600x600.jpeg|https://www.cmedistribution.com.my/wp-content/uploads/2025/12/XPERIA-1-V-5G-ORI-CC-RB-768x768.jpeg|https://www.cmedistribution.com.my/wp-content/uploads/2025/12/XPERIA-1-V-5G-ORI-CC-RB.jpeg,SKU-BAA5YK,3
Honor 400 Smart-5G/X7D-5G Ribbon On Off + Volume,3.60,Description Product Specifications and Features: -Honor 400 Smart-5G/X7D-5G Ribbon On Off + Volume -(KJCW70PU-5G(P2)),https://www.cmedistribution.com.my/wp-content/uploads/2025/12/HONOR-400-SMART-RB-OF.jpeg,SKU-OTNWF2,86
Honor X9B-5G Ribbon UI For Charging,6.00,Description Product Specifications and Features: -Honor X9B-5G Ribbon UI For Charging -(HN1ALIFL VER.A),https://www.cmedistribution.com.my/wp-content/uploads/2025/12/HONOR-X9B-RB-UI-CG.jpeg,SKU-Y0D37I,35
Phone 16 (VER SAM) Ribbon Flex LCD (For Bonding Replacement),72.00,Description Product Specifications and Features: -Phone 16 (VER SAM) Ribbon Flex LCD (For Bonding Replacement) -(821-04769-04),https://www.cmedistribution.com.my/wp-content/uploads/2025/12/IP-16-RB-LCD-VER-SAM-100x100.jpeg|https://www.cmedistribution.com.my/wp-content/uploads/2025/12/IP-16-RB-LCD-VER-SAM-1024x1024.jpeg|https://www.cmedistribution.com.my/wp-content/uploads/2025/12/IP-16-RB-LCD-VER-SAM-150x150.jpeg|https://www.cmedistribution.com.my/wp-content/uploads/2025/12/IP-16-RB-LCD-VER-SAM-300x300.jpeg|https://www.cmedistribution.com.my/wp-content/uploads/2025/12/IP-16-RB-LCD-VER-SAM-350x350.jpeg|https://www.cmedistribution.com.my/wp-content/uploads/2025/12/IP-16-RB-LCD-VER-SAM-600x600.jpeg|https://www.cmedistribution.com.my/wp-content/uploads/2025/12/IP-16-RB-LCD-VER-SAM-768x768.jpeg|https://www.cmedistribution.com.my/wp-content/uploads/2025/12/IP-16-RB-LCD-VER-SAM.jpeg,SKU-5IW1QT,56
Phone 16Plus (VER SAM) Ribbon Flex LCD (For Bonding Replacement),90.00,Description Product Specifications and Features: -Phone 16Plus (VER SAM) Ribbon Flex LCD (For Bonding Replacement) -(821-04770-06),https://www.cmedistribution.com.my/wp-content/uploads/2025/12/IP-16PLUS-RB-LCD-VER-SAM.jpeg,SKU-M60VPW,80
Phone 16Pro (VER SAM) Ribbon Flex LCD (For Bonding Replacement),138.00,Description Product Specifications and Features: -Phone 16Pro (VER SAM) Ribbon Flex LCD (For Bonding Replacement) -(821-04972-06),https://www.cmedistribution.com.my/wp-content/uploads/2025/12/IP-16PRO-RB-LCD-VER-SAM-100x100.jpeg|https://www.cmedistribution.com.my/wp-content/uploads/2025/12/IP-16PRO-RB-LCD-VER-SAM-1024x1024.jpeg|https://www.cmedistribution.com.my/wp-content/uploads/2025/12/IP-16PRO-RB-LCD-VER-SAM-150x150.jpeg|https://www.cmedistribution.com.my/wp-content/uploads/2025/12/IP-16PRO-RB-LCD-VER-SAM-300x300.jpeg|https://www.cmedistribution.com.my/wp-content/uploads/2025/12/IP-16PRO-RB-LCD-VER-SAM-350x350.jpeg|https://www.cmedistribution.com.my/wp-content/uploads/2025/12/IP-16PRO-RB-LCD-VER-SAM-600x600.jpeg|https://www.cmedistribution.com.my/wp-content/uploads/2025/12/IP-16PRO-RB-LCD-VER-SAM-768x768.jpeg|https://www.cmedistribution.com.my/wp-content/uploads/2025/12/IP-16PRO-RB-LCD-VER-SAM.jpeg,SKU-Y6EHPP,17
Phone 16ProMax (VER SAM) Ribbon Flex LCD (For Bonding Replacement),138.00,Description Product Specifications and Features: -Phone 16ProMax (VER SAM) Ribbon Flex LCD (For Bonding Replacement) -(821-04973-05),https://www.cmedistribution.com.my/wp-content/uploads/2025/12/IP-16PROMAX-RB-LCD-VER-SAM-100x100.jpeg|https://www.cmedistribution.com.my/wp-content/uploads/2025/12/IP-16PROMAX-RB-LCD-VER-SAM-1024x1024.jpeg|https://www.cmedistribution.com.my/wp-content/uploads/2025/12/IP-16PROMAX-RB-LCD-VER-SAM-150x150.jpeg|https://www.cmedistribution.com.my/wp-content/uploads/2025/12/IP-16PROMAX-RB-LCD-VER-SAM-300x300.jpeg|https://www.cmedistribution.com.my/wp-content/uploads/2025/12/IP-16PROMAX-RB-LCD-VER-SAM-350x350.jpeg|https://www.cmedistribution.com.my/wp-content/uploads/2025/12/IP-16PROMAX-RB-LCD-VER-SAM-600x600.jpeg|https://www.cmedistribution.com.my/wp-content/uploads/2025/12/IP-16PROMAX-RB-LCD-VER-SAM-768x768.jpeg|https://www.cmedistribution.com.my/wp-content/uploads/2025/12/IP-16PROMAX-RB-LCD-VER-SAM.jpeg,SKU-JQXAW4,93
"PXD Pro 13 (2024,M4) A2925,A2926,A3007 (ORI) Charging Flex Ribbon",90.00,"Description Product Specifications and Features: -PXD Pro 13 (2024,M4) A2925,A2926,A3007 (ORI) Charging Flex Ribbon",https://www.cmedistribution.com.my/wp-content/uploads/2025/12/IPAD-PRO-13-2024-ORI-CC-RB-100x100.jpeg|https://www.cmedistribution.com.my/wp-content/uploads/2025/12/IPAD-PRO-13-2024-ORI-CC-RB-1024x1024.jpeg|https://www.cmedistribution.com.my/wp-content/uploads/2025/12/IPAD-PRO-13-2024-ORI-CC-RB-150x150.jpeg|https://www.cmedistribution.com.my/wp-content/uploads/2025/12/IPAD-PRO-13-2024-ORI-CC-RB-300x300.jpeg|https://www.cmedistribution.com.my/wp-content/uploads/2025/12/IPAD-PRO-13-2024-ORI-CC-RB-350x350.jpeg|https://www.cmedistribution.com.my/wp-content/uploads/2025/12/IPAD-PRO-13-2024-ORI-CC-RB-600x600.jpeg|https://www.cmedistribution.com.my/wp-content/uploads/2025/12/IPAD-PRO-13-2024-ORI-CC-RB-768x768.jpeg|https://www.cmedistribution.com.my/wp-content/uploads/2025/12/IPAD-PRO-13-2024-ORI-CC-RB.jpeg,SKU-NUVEUQ,36
Redmi Note 15-5G Ribbon On Off + Volume,3.60,Description Product Specifications and Features: -Redmi Note 15-5G Ribbon On Off + Volume -(KJHMN15-5G(P2)),https://www.cmedistribution.com.my/wp-content/uploads/2025/12/REDMI-NOTE-15-5G-RB-OF.jpeg,SKU-NZS6SR,79
Redmi Note 15-5G Ribbon UI For Charging,7.20,Description Product Specifications and Features: -Redmi Note 15-5G Ribbon UI For Charging -(LJHMN15-5G(P2)),https://www.cmedistribution.com.my/wp-content/uploads/2025/12/REDMI-NOTE-15-5G-RB-UI-CG.jpeg,SKU-U7W3FH,82
Redmi Note 15 Pro-5G Ribbon On Off + Volume,3.60,Description Product Specifications and Features: -Redmi Note 15 Pro-5G Ribbon On Off + Volume -(KJHMN15P-5G(P2)),https://www.cmedistribution.com.my/wp-content/uploads/2025/12/REDMI-NOTE-15-PRO-RB-OF-100x100.jpeg|https://www.cmedistribution.com.my/wp-content/uploads/2025/12/REDMI-NOTE-15-PRO-RB-OF-1024x1024.jpeg|https://www.cmedistribution.com.my/wp-content/uploads/2025/12/REDMI-NOTE-15-PRO-RB-OF-150x150.jpeg|https://www.cmedistribution.com.my/wp-content/uploads/2025/12/REDMI-NOTE-15-PRO-RB-OF-300x300.jpeg|https://www.cmedistribution.com.my/wp-content/uploads/2025/12/REDMI-NOTE-15-PRO-RB-OF-350x350.jpeg|https://www.cmedistribution.com.my/wp-content/uploads/2025/12/REDMI-NOTE-15-PRO-RB-OF-600x600.jpeg|https://www.cmedistribution.com.my/wp-content/uploads/2025/12/REDMI-NOTE-15-PRO-RB-OF-768x768.jpeg|https://www.cmedistribution.com.my/wp-content/uploads/2025/12/REDMI-NOTE-15-PRO-RB-OF.jpeg,SKU-GAIHUA,57
Redmi Note 15 Pro-5G Ribbon UI For Charging,7.20,Description Product Specifications and Features: -Redmi Note 15 Pro-5G Ribbon UI For Charging -(LJHMN15P-5G-D),https://www.cmedistribution.com.my/wp-content/uploads/2025/12/REDMI-NOTE-15-PRO-RB-UI-CG-100x100.jpeg|https://www.cmedistribution.com.my/wp-content/uploads/2025/12/REDMI-NOTE-15-PRO-RB-UI-CG-1024x1024.jpeg|https://www.cmedistribution.com.my/wp-content/uploads/2025/12/REDMI-NOTE-15-PRO-RB-UI-CG-150x150.jpeg|https://www.cmedistribution.com.my/wp-content/uploads/2025/12/REDMI-NOTE-15-PRO-RB-UI-CG-300x300.jpeg|https://www.cmedistribution.com.my/wp-content/uploads/2025/12/REDMI-NOTE-15-PRO-RB-UI-CG-350x350.jpeg|https://www.cmedistribution.com.my/wp-content/uploads/2025/12/REDMI-NOTE-15-PRO-RB-UI-CG-600x600.jpeg|https://www.cmedistribution.com.my/wp-content/uploads/2025/12/REDMI-NOTE-15-PRO-RB-UI-CG-768x768.jpeg|https://www.cmedistribution.com.my/wp-content/uploads/2025/12/REDMI-NOTE-15-PRO-RB-UI-CG.jpeg,SKU-ELRAM6,20
Redmi Note 15 ProPlus-5G Ribbon UI For Charging,7.20,Description Product Specifications and Features: -Redmi Note 15 ProPlus-5G Ribbon UI For Charging -(LJHMN15P+-5G(P5)),https://www.cmedistribution.com.my/wp-content/uploads/2025/12/REDMI-NOTE-15-PRO-RB-UI-CG-1.jpeg,SKU-SUHDNJ,52
Redmi Note 15Pro Plus-5G Ribbon On Off + Volume,3.60,Description Product Specifications and Features: -Redmi Note 15Pro Plus-5G Ribbon On Off + Volume -(KJHMN15+-5G(P2)),https://www.cmedistribution.com.my/wp-content/uploads/2025/12/REDMI-NOTE-15-PRO-RB-OF-1.jpeg,SKU-NOXM6S,93
SM A07-4G SM-A075 Camera Lens,3.60,Description Product Specifications and Features: -SM A07-4G SM-A075 Camera Lens,https://www.cmedistribution.com.my/wp-content/uploads/2025/12/SAM-A07-4G-CAM-LENS.jpeg,SKU-MV48I7,51
SM A07-4G SM-A075 Sim Tray,3.60,Description Product Specifications and Features: -SM A07-4G SM-A075 Sim Tray,https://www.cmedistribution.com.my/wp-content/uploads/2025/12/SAM-A07-4G-SIMC.jpeg,SKU-D96N6N,17
"SM A17 (4G,5G) Camera Lens",3.60,"Description Product Specifications and Features: -SM A17 (4G,5G) Camera Lens",https://www.cmedistribution.com.my/wp-content/uploads/2025/12/SAM-A17-CAM-LENS.jpeg,SKU-YHKD8J,12
SM A17-4G SM-A175 Sim Tray,3.60,Description Product Specifications and Features: -SM A17-4G SM-A175 Sim Tray,https://www.cmedistribution.com.my/wp-content/uploads/2025/12/SAM-A17-4G-SIMC.jpeg,SKU-SGESSY,91
SM A17-5G SM-A176B Sim Tray,3.60,Description Product Specifications and Features: -SM A17-5G SM-A176B Sim Tray,https://www.cmedistribution.com.my/wp-content/uploads/2025/12/SAM-A17-5G-SIMC.jpeg,SKU-BDAFCF,68
SM A36-5G SM-A366 Ribbon Flex RF Signal Cable,10.80,Description Product Specifications and Features: -SM A36-5G SM-A366 Ribbon Flex RF Signal Cable -(SM-A366B FRC R0.3),https://www.cmedistribution.com.my/wp-content/uploads/2025/12/SAM-A36-5G-RB-RF-SIGNAL-100x100.jpeg|https://www.cmedistribution.com.my/wp-content/uploads/2025/12/SAM-A36-5G-RB-RF-SIGNAL-1024x1024.jpeg|https://www.cmedistribution.com.my/wp-content/uploads/2025/12/SAM-A36-5G-RB-RF-SIGNAL-150x150.jpeg|https://www.cmedistribution.com.my/wp-content/uploads/2025/12/SAM-A36-5G-RB-RF-SIGNAL-300x300.jpeg|https://www.cmedistribution.com.my/wp-content/uploads/2025/12/SAM-A36-5G-RB-RF-SIGNAL-350x350.jpeg|https://www.cmedistribution.com.my/wp-content/uploads/2025/12/SAM-A36-5G-RB-RF-SIGNAL-600x600.jpeg|https://www.cmedistribution.com.my/wp-content/uploads/2025/12/SAM-A36-5G-RB-RF-SIGNAL-768x768.jpeg|https://www.cmedistribution.com.my/wp-content/uploads/2025/12/SAM-A36-5G-RB-RF-SIGNAL.jpeg,SKU-MMVA4L,37
SM Z Fold 7 F966 Sim Tray,3.60,Description Product Specifications and Features: -SM Z Fold 7 F966 Sim Tray,https://www.cmedistribution.com.my/wp-content/uploads/2025/12/SAM-Z-FOLD-7-F966-SIMC.jpeg,SKU-ZZLPZF,26
Display IC LUM开头,6.00,Description Product Specifications and Features: -Display IC LUM开头,https://www.cmedistribution.com.my/wp-content/uploads/2025/11/DISPLAY-IC-LUM开头.jpeg,SKU-EQLBBP,21
Display IC PX8588,7.20,Description Product Specifications and Features: -Display IC PX8588,https://www.cmedistribution.com.my/wp-content/uploads/2025/11/DISPLAY-IC-PX8588.jpeg,SKU-MJZR99,20
HW Mate 60 Pro/Mate 60 ProPlus LCD ORI Full Set,570.00,Description Product Specifications and Features: -HW Mate 60 Pro/Mate 60 ProPlus LCD ORI Full Set -Warranty 1 Month -Self Damage Will Be No Warranty,https://www.cmedistribution.com.my/wp-content/uploads/2025/12/HW-MATE-60-PRO-LCD-ORI-FS.jpeg,SKU-2TSB7M,76
"Infinix Note 40-5G X6852/Tecno Pova 6/Pova 6 Pro/Camon 30 (4G,5G) Front Glass + OCA",6.00,"Description Product Specifications and Features: -Infinix Note 40-5G X6852/Tecno Pova 6/Pova 6 Pro/Camon 30 (4G,5G) Front Glass + OCA",https://www.cmedistribution.com.my/wp-content/uploads/2025/12/INF-NOTE-40-5G-TS-LENS.jpeg,SKU-ZFP4ON,37
KEGUAN Camera Mold Plate for Multifunctional Desoldering Heating Station (7-17 Series) 7PCS,108.00,Description KEGUAN Camera Mold Plate for Multifunctional Desoldering Heating Station (7-17 Series) 7PCS,https://www.cmedistribution.com.my/wp-content/uploads/2025/11/SVC-5502.jpg,SKU-3IQOHV,69
Phone 15 LCD RJ Soft OLED Full Set (Support Move IC),330.00,Description Product Specifications and Features: -Phone 15 LCD RJ Soft OLED Full Set (Support Move IC) -Warranty 1 Month -Self Damage Will Be No Warranty,https://www.cmedistribution.com.my/wp-content/uploads/2025/12/IP-15-LCD-RJ-SOFT-OLED-FS.jpeg,SKU-GFNQGK,86
Phone 16 LCD RJ Soft OLED Full Set (Support Move IC),426.00,Description Product Specifications and Features: -Phone 16 LCD RJ Soft OLED Full Set (Support Move IC) -Warranty 1 Month -Self Damage Will Be No Warranty,https://www.cmedistribution.com.my/wp-content/uploads/2025/12/IP-16-LCD-RJ-SOFT-OLED-FS.jpeg,SKU-XNL40A,75
Phone 17 Rear Camera,282.00,Description Product Specifications and Features: -Phone 17 Rear Camera,https://www.cmedistribution.com.my/wp-content/uploads/2025/11/IP-17-REAR-CAM-100x100.jpeg|https://www.cmedistribution.com.my/wp-content/uploads/2025/11/IP-17-REAR-CAM-1024x1024.jpeg|https://www.cmedistribution.com.my/wp-content/uploads/2025/11/IP-17-REAR-CAM-150x150.jpeg|https://www.cmedistribution.com.my/wp-content/uploads/2025/11/IP-17-REAR-CAM-300x300.jpeg|https://www.cmedistribution.com.my/wp-content/uploads/2025/11/IP-17-REAR-CAM-350x350.jpeg|https://www.cmedistribution.com.my/wp-content/uploads/2025/11/IP-17-REAR-CAM-600x600.jpeg|https://www.cmedistribution.com.my/wp-content/uploads/2025/11/IP-17-REAR-CAM-768x768.jpeg|https://www.cmedistribution.com.my/wp-content/uploads/2025/11/IP-17-REAR-CAM.jpeg,SKU-G29HUA,3
"PXD Mini 7 (2024-A17PRO)-WiFi,Cellular A2993,A2995,A2996 (AA) Charging Flex Ribbon",31.20,"Description Product Specifications and Features: -PXD Mini 7 (2024-A17PRO)-WiFi,Cellular A2993,A2995,A2996 (AA) Charging Flex Ribbon",https://www.cmedistribution.com.my/wp-content/uploads/2025/11/IPAD-MINI-7-AA-CC-RB-100x100.jpeg|https://www.cmedistribution.com.my/wp-content/uploads/2025/11/IPAD-MINI-7-AA-CC-RB-1024x1024.jpeg|https://www.cmedistribution.com.my/wp-content/uploads/2025/11/IPAD-MINI-7-AA-CC-RB-150x150.jpeg|https://www.cmedistribution.com.my/wp-content/uploads/2025/11/IPAD-MINI-7-AA-CC-RB-300x300.jpeg|https://www.cmedistribution.com.my/wp-content/uploads/2025/11/IPAD-MINI-7-AA-CC-RB-350x350.jpeg|https://www.cmedistribution.com.my/wp-content/uploads/2025/11/IPAD-MINI-7-AA-CC-RB-600x600.jpeg|https://www.cmedistribution.com.my/wp-content/uploads/2025/11/IPAD-MINI-7-AA-CC-RB-768x768.jpeg|https://www.cmedistribution.com.my/wp-content/uploads/2025/11/IPAD-MINI-7-AA-CC-RB.jpeg,SKU-Y1JPV6,6
Realme 11X-5G Buzzer Full Set,7.20,Description Product Specifications and Features: -Realme 11X-5G Buzzer Full Set,https://www.cmedistribution.com.my/wp-content/uploads/2023/06/REDMI-4X-scaled-1-54x54.jpg|https://www.cmedistribution.com.my/wp-content/uploads/2023/06/REDMI-4X-scaled-1.jpg|https://www.cmedistribution.com.my/wp-content/uploads/2025/11/REALME-11X-BUZ-FS-100x100.jpeg|https://www.cmedistribution.com.my/wp-content/uploads/2025/11/REALME-11X-BUZ-FS-1024x1024.jpeg|https://www.cmedistribution.com.my/wp-content/uploads/2025/11/REALME-11X-BUZ-FS-150x150.jpeg|https://www.cmedistribution.com.my/wp-content/uploads/2025/11/REALME-11X-BUZ-FS-300x300.jpeg|https://www.cmedistribution.com.my/wp-content/uploads/2025/11/REALME-11X-BUZ-FS-350x350.jpeg|https://www.cmedistribution.com.my/wp-content/uploads/2025/11/REALME-11X-BUZ-FS-600x600.jpeg|https://www.cmedistribution.com.my/wp-content/uploads/2025/11/REALME-11X-BUZ-FS-768x768.jpeg|https://www.cmedistribution.com.my/wp-content/uploads/2025/11/REALME-11X-BUZ-FS.jpeg,SKU-DPCCVW,6
Realme 14X-5G Buzzer Full Set,8.40,Description Product Specifications and Features: -Realme 14X-5G Buzzer Full Set,https://www.cmedistribution.com.my/wp-content/uploads/2023/06/REDMI-4X-scaled-1-54x54.jpg|https://www.cmedistribution.com.my/wp-content/uploads/2023/06/REDMI-4X-scaled-1.jpg|https://www.cmedistribution.com.my/wp-content/uploads/2025/11/REALME-14X-BUZ-FS-100x100.jpeg|https://www.cmedistribution.com.my/wp-content/uploads/2025/11/REALME-14X-BUZ-FS-1024x1024.jpeg|https://www.cmedistribution.com.my/wp-content/uploads/2025/11/REALME-14X-BUZ-FS-150x150.jpeg|https://www.cmedistribution.com.my/wp-content/uploads/2025/11/REALME-14X-BUZ-FS-300x300.jpeg|https://www.cmedistribution.com.my/wp-content/uploads/2025/11/REALME-14X-BUZ-FS-350x350.jpeg|https://www.cmedistribution.com.my/wp-content/uploads/2025/11/REALME-14X-BUZ-FS-600x600.jpeg|https://www.cmedistribution.com.my/wp-content/uploads/2025/11/REALME-14X-BUZ-FS-768x768.jpeg|https://www.cmedistribution.com.my/wp-content/uploads/2025/11/REALME-14X-BUZ-FS.jpeg,SKU-0DJ9DF,90
Realme Pad Mini Ribbon UI For Charging,9.60,Description Product Specifications and Features: -Realme Pad Mini Ribbon UI For Charging -(NA500AE_MAIN_FPC),https://www.cmedistribution.com.my/wp-content/uploads/2025/11/REALME-PAD-MINI-RB-UI-CG.jpeg,SKU-6UFCUF,79
Redmi Pad Pro Ribbon UI For Charging,9.60,Description Product Specifications and Features: -Redmi Pad Pro Ribbon UI For Charging -(P585_MAIN_FPC_V1.0),https://www.cmedistribution.com.my/wp-content/uploads/2025/11/REDMI-PAD-PRO-RB-UI-CG.jpeg,SKU-4VV084,27
SM A16-5G A166B Ribbon UI For Charging + LCD,9.60,Description Product Specifications and Features: -SM A16-5G A166B Ribbon UI For Charging + LCD -(SM-A166B CTC R03),https://www.cmedistribution.com.my/wp-content/uploads/2025/11/SM-A16-5G-A166B-RB-UI-CGLCD.jpeg,SKU-XBUCVW,12
SM A16-5G A166P On Board LCD Connector (15*15PIN)(30PIN),3.60,Description Product Specifications and Features: -SM A16-5G A166P On Board LCD Connector (15*15PIN)(30PIN),https://www.cmedistribution.com.my/wp-content/uploads/2025/11/SM-A16-5G-A166P-CON-LCD-100x100.jpeg|https://www.cmedistribution.com.my/wp-content/uploads/2025/11/SM-A16-5G-A166P-CON-LCD-1024x1024.jpeg|https://www.cmedistribution.com.my/wp-content/uploads/2025/11/SM-A16-5G-A166P-CON-LCD-150x150.jpeg|https://www.cmedistribution.com.my/wp-content/uploads/2025/11/SM-A16-5G-A166P-CON-LCD-300x300.jpeg|https://www.cmedistribution.com.my/wp-content/uploads/2025/11/SM-A16-5G-A166P-CON-LCD-350x350.jpeg|https://www.cmedistribution.com.my/wp-content/uploads/2025/11/SM-A16-5G-A166P-CON-LCD-600x600.jpeg|https://www.cmedistribution.com.my/wp-content/uploads/2025/11/SM-A16-5G-A166P-CON-LCD-768x768.jpeg|https://www.cmedistribution.com.my/wp-content/uploads/2025/11/SM-A16-5G-A166P-CON-LCD.jpeg,SKU-P2B41V,50
SM A16-5G A166P Ribbon UI For Charging,8.40,Description Product Specifications and Features: -SM A16-5G A166P Ribbon UI For Charging -(L-SMZPA166P),https://www.cmedistribution.com.my/wp-content/uploads/2025/11/SM-A16-5G-A166P-RB-UI-CG.jpeg,SKU-W1TGJZ,67
SM A16-5G A166P Ribbon UI For LCD,9.60,Description Product Specifications and Features: -SM A16-5G A166P Ribbon UI For LCD -(L-SM A166P-LCD),https://www.cmedistribution.com.my/wp-content/uploads/2025/11/SM-A16-5G-A166P-RB-LCD.jpeg,SKU-Q5K0X7,59
SM Z Fold 7-5G F966 Camera Lens (1SET 3PCS),3.60,Description Product Specifications and Features: -SM Z Fold 7-5G F966 Camera Lens (1SET 3PCS),https://www.cmedistribution.com.my/wp-content/uploads/2025/11/SM-Z-FOLD-7-CAM-LENS-100x100.jpeg|https://www.cmedistribution.com.my/wp-content/uploads/2025/11/SM-Z-FOLD-7-CAM-LENS-1024x1024.jpeg|https://www.cmedistribution.com.my/wp-content/uploads/2025/11/SM-Z-FOLD-7-CAM-LENS-150x150.jpeg|https://www.cmedistribution.com.my/wp-content/uploads/2025/11/SM-Z-FOLD-7-CAM-LENS-300x300.jpeg|https://www.cmedistribution.com.my/wp-content/uploads/2025/11/SM-Z-FOLD-7-CAM-LENS-350x350.jpeg|https://www.cmedistribution.com.my/wp-content/uploads/2025/11/SM-Z-FOLD-7-CAM-LENS-600x600.jpeg|https://www.cmedistribution.com.my/wp-content/uploads/2025/11/SM-Z-FOLD-7-CAM-LENS-768x768.jpeg|https://www.cmedistribution.com.my/wp-content/uploads/2025/11/SM-Z-FOLD-7-CAM-LENS.jpeg,SKU-D4MAMR,57
SM Z Fold 7-5G F966 Camera Lens + Frame,12.00,Description Product Specifications and Features: -SM Z Fold 7-5G F966 Camera Lens + Frame,https://www.cmedistribution.com.my/wp-content/uploads/2025/11/SM-Z-FOLD-7-CAM-LENS-FRM.jpeg,SKU-3CEJQ4,2
Vivo iQOO 13-5G LCD ORI Full Set,558.00,Description Product Specifications and Features: -Vivo iQOO 13-5G LCD ORI Full Set -Warranty 1 Month -Self Damage Will Be No Warranty,https://www.cmedistribution.com.my/wp-content/uploads/2025/12/IQOO-13-LCD-ORI-FS.jpeg,SKU-MJ5PA2,54
AMAOE BGA STENCILS Middle Layer MTX2 Mate X2,19.20,Description AMAOE BGA STENCILS Middle Layer MTX2 Mate X2,https://www.cmedistribution.com.my/wp-content/uploads/2025/11/SVC-5493.jpg,SKU-BVQSV1,3
AMAOE BGA STENCILS Middle Layer S931-012 S25/S25+ S931/S936,19.20,Description AMAOE BGA STENCILS Middle Layer S931-012 S25/S25+ S931/S936,https://www.cmedistribution.com.my/wp-content/uploads/2025/11/SVC-5494.jpg,SKU-DAPBCM,69
AMOAE BGA STENCILS LCD IC X-16PM,19.20,Description AMOAE BGA STENCILS LCD IC X-16PM,https://www.cmedistribution.com.my/wp-content/uploads/2025/11/SVC-5495.jpg,SKU-OGC26L,13
HAOYI Heating Silicone Pad Large Size 405MM*615MM,144.00,Description HAOYI Heating Silicone Pad Large Size 405MM*615MM,https://www.cmedistribution.com.my/wp-content/uploads/2025/11/SVC-5475-5.jpeg,SKU-DF1Q8E,45
HY 982 Dispensing Controller Glue Dropper Machine,276.00,Description HY 982 Dispensing Controller Glue Dropper Machine,https://www.cmedistribution.com.my/wp-content/uploads/2025/11/SVC-5488.png,SKU-DBAASX,21
JCID 17 Series Mold for EM02 Grill Machine,522.00,Description JCID 17 Series Mold for EM02 Grill Machine,https://www.cmedistribution.com.my/wp-content/uploads/2025/11/SVC-5489-100x100.jpeg|https://www.cmedistribution.com.my/wp-content/uploads/2025/11/SVC-5489-150x150.jpeg|https://www.cmedistribution.com.my/wp-content/uploads/2025/11/SVC-5489-300x300.jpeg|https://www.cmedistribution.com.my/wp-content/uploads/2025/11/SVC-5489-350x350.jpeg|https://www.cmedistribution.com.my/wp-content/uploads/2025/11/SVC-5489-600x600.jpeg|https://www.cmedistribution.com.my/wp-content/uploads/2025/11/SVC-5489-768x768.jpeg|https://www.cmedistribution.com.my/wp-content/uploads/2025/11/SVC-5489.jpeg,SKU-AGTA75,70
JCID Ribbon Screen True Tone Repair FPC (Plug and Play),39.60,Description JCID Ribbon Screen True Tone Repair FPC (Plug and Play) 👉12PROMAX 👉13 👉13PRO 👉13PROMAX 👉14PRO 👉15PRO 👉15PROMAX,https://www.cmedistribution.com.my/wp-content/uploads/2025/11/SVC-5477-83.jpeg,SKU-GT47EO,60
JCID Ribbon Screen True Tone Repair FPC (Solder Type),39.60,Description JCID Ribbon Screen True Tone Repair FPC (Solder Type) 👉14 👉15 👉16PRO 👉16PROMAX,https://www.cmedistribution.com.my/wp-content/uploads/2025/11/SVC-5484-7.jpg,SKU-XFBQ9J,59
KAISI OP Pliers LCD Opening Pliers,16.80,Description KAISI OP Pliers LCD Opening Pliers,https://www.cmedistribution.com.my/wp-content/uploads/2025/11/SVC-5499.jpg,SKU-X31TY1,2
KEGUAN Sponge Cotton Swab for Wipe Camera Blue Light Special Cotton Swab,13.20,Description KEGUAN Sponge Cotton Swab for Wipe Camera Blue Light Special Cotton Swab,https://www.cmedistribution.com.my/wp-content/uploads/2025/11/SVC-5501-1.jpg|https://www.cmedistribution.com.my/wp-content/uploads/2025/11/SVC-5501-2.jpg|https://www.cmedistribution.com.my/wp-content/uploads/2025/11/SVC-5501-3.jpg,SKU-2NW55D,83
LJ-002 Magnifying Glass with Illuminant,4.80,Description LJ-002 Magnifying Glass with Illuminant,https://www.cmedistribution.com.my/wp-content/uploads/2025/11/SVC-5497.jpg,SKU-0TTVI8,66
MAANT PY-1PRO IP Phone Startup Power Cable 8-16PM,34.80,"Description Features: -The battery socket is in a 1:1 fit with the corresponding ribbon cable buckle, without tripping or slippage, and supports all DC power meters on the market -With meticulous design,it features a high degree of compatibility and precise clearance avoidance. The product offers a comfortable user experience and is easy to maintain -Wear-resistant, flame-resistant, tension-resistant, and fold-resistant -It adopts high-flexibility custom wire, which is soft and resilient, and it has strong tensile resistance -The transmission efficiency is more stable, and it is made of genuine materials -Stable and smooth startup: Work is fast without waiting for a stable startup and smooth operation",https://www.cmedistribution.com.my/wp-content/uploads/2025/11/SVC-5490-1-100x100.jpeg|https://www.cmedistribution.com.my/wp-content/uploads/2025/11/SVC-5490-1-150x150.jpeg|https://www.cmedistribution.com.my/wp-content/uploads/2025/11/SVC-5490-1-300x300.jpeg|https://www.cmedistribution.com.my/wp-content/uploads/2025/11/SVC-5490-1-350x350.jpeg|https://www.cmedistribution.com.my/wp-content/uploads/2025/11/SVC-5490-1.jpeg|https://www.cmedistribution.com.my/wp-content/uploads/2025/11/SVC-5490-2-100x100.jpeg|https://www.cmedistribution.com.my/wp-content/uploads/2025/11/SVC-5490-2-150x150.jpeg|https://www.cmedistribution.com.my/wp-content/uploads/2025/11/SVC-5490-2-300x300.jpeg|https://www.cmedistribution.com.my/wp-content/uploads/2025/11/SVC-5490-2-350x350.jpeg|https://www.cmedistribution.com.my/wp-content/uploads/2025/11/SVC-5490-3-100x100.jpeg|https://www.cmedistribution.com.my/wp-content/uploads/2025/11/SVC-5490-3-150x150.jpeg|https://www.cmedistribution.com.my/wp-content/uploads/2025/11/SVC-5490-3-300x300.jpeg|https://www.cmedistribution.com.my/wp-content/uploads/2025/11/SVC-5490-3-350x350.jpeg|https://www.cmedistribution.com.my/wp-content/uploads/2025/11/SVC-5490-4-100x100.jpeg|https://www.cmedistribution.com.my/wp-content/uploads/2025/11/SVC-5490-4-150x150.jpeg|https://www.cmedistribution.com.my/wp-content/uploads/2025/11/SVC-5490-4-300x300.jpeg|https://www.cmedistribution.com.my/wp-content/uploads/2025/11/SVC-5490-4-350x350.jpeg|https://www.cmedistribution.com.my/wp-content/uploads/2025/11/SVC-5490-5-100x100.jpeg|https://www.cmedistribution.com.my/wp-content/uploads/2025/11/SVC-5490-5-150x150.jpeg|https://www.cmedistribution.com.my/wp-content/uploads/2025/11/SVC-5490-5-300x300.jpeg|https://www.cmedistribution.com.my/wp-content/uploads/2025/11/SVC-5490-5-350x350.jpeg,SKU-B5BNY2,33
Middle Layer Board Reballing – MIJING Z20MAX X-17PM,270.00,Description Middle Layer Board Reballing – MIJING Z20MAX X-17PM,https://www.cmedistribution.com.my/wp-content/uploads/2025/11/SVC-5474.jpeg,SKU-VK0K12,69
MIJING Middle Layer Board Reballing Add on Board 17 Series for Z20MAX,43.20,Description MIJING Middle Layer Board Reballing Add on Board 17 Series for Z20MAX,https://www.cmedistribution.com.my/wp-content/uploads/2025/11/SVC-5500.jpg,SKU-LRV6SV,50
QIANLI DM460K Precision Polishing Pen,57.60,"Description Features: -iHandy DM460-K Precision Polishing Pen, quick-mount, comes with 7 types of grinding heads, option to manually disable auto up shift function -DM460-K High-torque Version, suitable for chip/ motherboard repair, engraving, cutting, and high-power applications -High precision, quick mount, polishing pen: Quick mount, highly concentric and auto align, no need to adjust after switching grinding heads -Pull&Push Design: Auto-align once insert the head into the handle, make sure both parts are concentric and stick to each other firmly -The standard item comes with 7 grinding heads, universal 2.35 mm handle -Specialized high- speed smooth bearing: QianLi standard processing controls quality to the most cost-effective one -Wireless operation, no working space limit: Type-C charging, specialized power battery, easy to operate -Anti-misoperation + Power level memorizing: Double-click to boot the device, and the level set remains as your last set, no need to adjust each time after rebooting it -Ergonomic optimization: Pen shape gripping, fit the curves of fingers -Square shape with curved angles design: Curved angle design makes sure it won’t roll off the desk -Overload protection: While the device is working, if the resistance is higher than the power it delivers, it automatically stops working, the circuit protection will be triggered, in order to protect the device and also the polished object -Motor rpm at each level: Level 1: 5900rpm; Level 2: 8600rpm; Level 3: 10500rpm; Level 4: 12600rpm; Level 5: 16200rpm",https://www.cmedistribution.com.my/wp-content/uploads/2025/11/SVC-5492-10.jpeg|https://www.cmedistribution.com.my/wp-content/uploads/2025/11/SVC-5492.jpeg,SKU-DB5MT8,2
SUNSHINE RELIFE RL-004M Maintenance Pad Special for Microscope B1 Base 260*205*19MM,18.00,"Description 1. Suitable for all B1 Microscope base. 2. No need to disassemble the Microscope,easy to use. 3. mall tools and parts storage design, say goodbye to the messy work table, let the work more organized. 4. Customize screwdrivers magnetizer to take care of each of your needs. 5. High temperature resistant 500°C, environmentally friendly silicone, soft and comfortable, anti-static. 6. To increase the thick design, the work space is larger and wider. 7. The back is covered with round holes for a strong anti-slip effect.",https://www.cmedistribution.com.my/wp-content/uploads/2025/11/SVC-5473-5.jpeg|https://www.cmedistribution.com.my/wp-content/uploads/2025/11/SVC-5473-9.jpeg,SKU-6CTLCT,93
"VD-850 Desktop Clean Bench Room (Working Area Size : 680*480*450mm) , (Overall Size : 820*520*820mm)",1416.00,"Description VD-850 Desktop Clean Bench Room (Working Area Size : 680*480*450mm) , (Overall Size : 820*520*820mm)",https://www.cmedistribution.com.my/wp-content/uploads/2025/11/SVC-5491.jpeg,SKU-SLNBNQ,41
WEMON K21A C210 Intelligent Constant-Temp Professional Soldering Station,117.60,"Description Features: 1. Ultra-Fast Heating: Rapid heating in 2 seconds and soldering in 4 seconds, eliminating the need to wait while working, ensuring it’s always ready. 2. Intelligent PID Precise Temperature Control: Temperature control range is 100°C-480°C, with an accuracy of ±1°C, ensuring a consistent soldering temperature. 3. Efficient Soldering: Equipped with imported Japanese heaters, it offers rapid heat conduction, a long lifespan, and resistance to burnout, making it suitable for a variety of soldering needs. 4. Custom Digital Display: Clearly displays the soldering temperature, with a simple interface, rich color gradations, and no flickering. 5. Compatible with various heaters: Supports 210-018 (K-tip), 210-020 (straight tip), and 210-002 (curved tip) heaters to accommodate various welding tasks. 6. High-temperature-resistant handle: Equipped with a high-temperature insulated T210 handle made of heat-resistant plastic and soft silicone wire, it is comfortable, non-slip, and durable.",https://www.cmedistribution.com.my/wp-content/uploads/2025/11/SVC-5498-2.jpeg,SKU-TWZMH1,5
WYLIE MEP IP17 USA LL SET Esim Convert to 2 SIM Card,36.00,Description WYLIE MEP IP17 USA LL SET Esim Convert to 2 SIM Card,https://www.cmedistribution.com.my/wp-content/uploads/2025/11/SVC-5476.jpeg,SKU-B8QEUH,34
YCS 杨长顺 Stencil – A17 Under CPU Crystal IC,9.60,Description YCS 杨长顺 Stencil – A17 Under CPU Crystal IC,https://www.cmedistribution.com.my/wp-content/uploads/2025/11/SVC-5496.jpeg,SKU-4FOUPV,18
Phone 14/14ProMax Speaker Filter Frame,8.40,Description Product Specifications and Features: -Phone 14/14ProMax Speaker Filter Frame,https://www.cmedistribution.com.my/wp-content/uploads/2025/11/IP-14PRO-SPK-FIL-FRM-100x100.jpeg|https://www.cmedistribution.com.my/wp-content/uploads/2025/11/IP-14PRO-SPK-FIL-FRM-1024x1024.jpeg|https://www.cmedistribution.com.my/wp-content/uploads/2025/11/IP-14PRO-SPK-FIL-FRM-150x150.jpeg|https://www.cmedistribution.com.my/wp-content/uploads/2025/11/IP-14PRO-SPK-FIL-FRM-300x300.jpeg|https://www.cmedistribution.com.my/wp-content/uploads/2025/11/IP-14PRO-SPK-FIL-FRM-350x350.jpeg|https://www.cmedistribution.com.my/wp-content/uploads/2025/11/IP-14PRO-SPK-FIL-FRM-600x600.jpeg|https://www.cmedistribution.com.my/wp-content/uploads/2025/11/IP-14PRO-SPK-FIL-FRM-768x768.jpeg|https://www.cmedistribution.com.my/wp-content/uploads/2025/11/IP-14PRO-SPK-FIL-FRM.jpeg,SKU-GX0W5L,14
Phone 15/15Plus/16/16Plus Speaker Filter Frame,8.40,Description Product Specifications and Features: -Phone 15/15Plus/16/16Plus Speaker Filter Frame,https://www.cmedistribution.com.my/wp-content/uploads/2025/11/IP-15-SPK-FIL-FRM-100x100.jpeg|https://www.cmedistribution.com.my/wp-content/uploads/2025/11/IP-15-SPK-FIL-FRM-1024x1024.jpeg|https://www.cmedistribution.com.my/wp-content/uploads/2025/11/IP-15-SPK-FIL-FRM-150x150.jpeg|https://www.cmedistribution.com.my/wp-content/uploads/2025/11/IP-15-SPK-FIL-FRM-300x300.jpeg|https://www.cmedistribution.com.my/wp-content/uploads/2025/11/IP-15-SPK-FIL-FRM-350x350.jpeg|https://www.cmedistribution.com.my/wp-content/uploads/2025/11/IP-15-SPK-FIL-FRM-600x600.jpeg|https://www.cmedistribution.com.my/wp-content/uploads/2025/11/IP-15-SPK-FIL-FRM-768x768.jpeg|https://www.cmedistribution.com.my/wp-content/uploads/2025/11/IP-15-SPK-FIL-FRM.jpeg,SKU-8MXSJH,91
Phone 15Pro/15ProMax Speaker Filter Frame,8.40,Description Product Specifications and Features: -Phone 15Pro/15ProMax Speaker Filter Frame,https://www.cmedistribution.com.my/wp-content/uploads/2025/11/IP-15PRO-SPK-FILTER-FRM-100x100.jpeg|https://www.cmedistribution.com.my/wp-content/uploads/2025/11/IP-15PRO-SPK-FILTER-FRM-1024x1024.jpeg|https://www.cmedistribution.com.my/wp-content/uploads/2025/11/IP-15PRO-SPK-FILTER-FRM-150x150.jpeg|https://www.cmedistribution.com.my/wp-content/uploads/2025/11/IP-15PRO-SPK-FILTER-FRM-300x300.jpeg|https://www.cmedistribution.com.my/wp-content/uploads/2025/11/IP-15PRO-SPK-FILTER-FRM-350x350.jpeg|https://www.cmedistribution.com.my/wp-content/uploads/2025/11/IP-15PRO-SPK-FILTER-FRM-600x600.jpeg|https://www.cmedistribution.com.my/wp-content/uploads/2025/11/IP-15PRO-SPK-FILTER-FRM-768x768.jpeg|https://www.cmedistribution.com.my/wp-content/uploads/2025/11/IP-15PRO-SPK-FILTER-FRM.jpeg,SKU-ZSEE8Y,47
Phone 16Pro Speaker Filter Frame,9.60,Description Product Specifications and Features: -Phone 16Pro Speaker Filter Frame,https://www.cmedistribution.com.my/wp-content/uploads/2025/11/IP-16PRO-SPK-FIL-FRM-100x100.jpeg|https://www.cmedistribution.com.my/wp-content/uploads/2025/11/IP-16PRO-SPK-FIL-FRM-1024x1024.jpeg|https://www.cmedistribution.com.my/wp-content/uploads/2025/11/IP-16PRO-SPK-FIL-FRM-150x150.jpeg|https://www.cmedistribution.com.my/wp-content/uploads/2025/11/IP-16PRO-SPK-FIL-FRM-300x300.jpeg|https://www.cmedistribution.com.my/wp-content/uploads/2025/11/IP-16PRO-SPK-FIL-FRM-350x350.jpeg|https://www.cmedistribution.com.my/wp-content/uploads/2025/11/IP-16PRO-SPK-FIL-FRM-600x600.jpeg|https://www.cmedistribution.com.my/wp-content/uploads/2025/11/IP-16PRO-SPK-FIL-FRM-768x768.jpeg|https://www.cmedistribution.com.my/wp-content/uploads/2025/11/IP-16PRO-SPK-FIL-FRM.jpeg,SKU-CW580N,18
Phone 16ProMax Speaker Filter Frame,9.60,Description Product Specifications and Features: -Phone 16ProMax Speaker Filter Frame,https://www.cmedistribution.com.my/wp-content/uploads/2025/11/IP-16PM-SPK-FIL-FRM.jpeg,SKU-R4M15E,19
Phone 17 Ribbon Proximity Light Sensor,60.00,Description Product Specifications and Features: -Phone 17 Ribbon Proximity Light Sensor -(821-05399-04),https://www.cmedistribution.com.my/wp-content/uploads/2025/11/IP-17-RB-PROXMITY-SENSOR.jpeg,SKU-0FGCNY,30
Phone 17ProMax Ribbon Proximity Light Sensor,96.00,Description Product Specifications and Features: -Phone 17ProMax Ribbon Proximity Light Sensor -(06228-02),https://www.cmedistribution.com.my/wp-content/uploads/2025/11/IP-17PM-RB-PROXMITY-SENSOR-100x100.jpeg|https://www.cmedistribution.com.my/wp-content/uploads/2025/11/IP-17PM-RB-PROXMITY-SENSOR-1024x1024.jpeg|https://www.cmedistribution.com.my/wp-content/uploads/2025/11/IP-17PM-RB-PROXMITY-SENSOR-150x150.jpeg|https://www.cmedistribution.com.my/wp-content/uploads/2025/11/IP-17PM-RB-PROXMITY-SENSOR-300x300.jpeg|https://www.cmedistribution.com.my/wp-content/uploads/2025/11/IP-17PM-RB-PROXMITY-SENSOR-350x350.jpeg|https://www.cmedistribution.com.my/wp-content/uploads/2025/11/IP-17PM-RB-PROXMITY-SENSOR-600x600.jpeg|https://www.cmedistribution.com.my/wp-content/uploads/2025/11/IP-17PM-RB-PROXMITY-SENSOR-768x768.jpeg|https://www.cmedistribution.com.my/wp-content/uploads/2025/11/IP-17PM-RB-PROXMITY-SENSOR.jpeg,SKU-TICKXJ,92
Phone Air (17Air) Ribbon Proximity Light Sensor,60.00,Description Product Specifications and Features: -Phone Air (17Air) Ribbon Proximity Light Sensor -(821-05646-03),https://www.cmedistribution.com.my/wp-content/uploads/2025/11/IP-17-AIR-RB-PROXMITY-SENSOR.jpeg,SKU-2CXMH2,91
"PXD 11 (2025-A16) A3355,A3356,A3354 Ribbon Volume",18.00,"Description Product Specifications and Features: -PXD 11 (2025-A16) A3355,A3356,A3354 Ribbon Volume -(04204-A)",https://www.cmedistribution.com.my/wp-content/uploads/2025/11/IPAD-11-2025-RB-VOL.jpeg,SKU-93RNTA,73
"PXD Air 11 (2024-M2,2025-M3) A2902,A2903,A2904 / A3266,A3267,A3270 Ribbon UI For LCD",14.40,"Description Product Specifications and Features: -PXD Air 11 (2024-M2,2025-M3) A2902,A2903,A2904 / A3266,A3267,A3270 Ribbon UI For LCD -(821-02677-01)",https://www.cmedistribution.com.my/wp-content/uploads/2025/11/IPAD-AIR-11-2024-RB-UI-LCD-100x100.jpeg|https://www.cmedistribution.com.my/wp-content/uploads/2025/11/IPAD-AIR-11-2024-RB-UI-LCD-1024x1024.jpeg|https://www.cmedistribution.com.my/wp-content/uploads/2025/11/IPAD-AIR-11-2024-RB-UI-LCD-150x150.jpeg|https://www.cmedistribution.com.my/wp-content/uploads/2025/11/IPAD-AIR-11-2024-RB-UI-LCD-300x300.jpeg|https://www.cmedistribution.com.my/wp-content/uploads/2025/11/IPAD-AIR-11-2024-RB-UI-LCD-350x350.jpeg|https://www.cmedistribution.com.my/wp-content/uploads/2025/11/IPAD-AIR-11-2024-RB-UI-LCD-600x600.jpeg|https://www.cmedistribution.com.my/wp-content/uploads/2025/11/IPAD-AIR-11-2024-RB-UI-LCD-768x768.jpeg|https://www.cmedistribution.com.my/wp-content/uploads/2025/11/IPAD-AIR-11-2024-RB-UI-LCD.jpeg,SKU-2HNCJD,76
"PXD Air 11 (2024-M2,2025-M3)-Cellular A2903,A2904/A3267,A3270 Ribbon Volume",14.40,"Description Product Specifications and Features: -PXD Air 11 (2024-M2,2025-M3)-Cellular A2903,A2904/A3267,A3270 Ribbon Volume -(821-02763-A)",https://www.cmedistribution.com.my/wp-content/uploads/2025/11/IPAD-AIR-11-2024-4G-RB-VOL-100x100.jpeg|https://www.cmedistribution.com.my/wp-content/uploads/2025/11/IPAD-AIR-11-2024-4G-RB-VOL-1024x1024.jpeg|https://www.cmedistribution.com.my/wp-content/uploads/2025/11/IPAD-AIR-11-2024-4G-RB-VOL-150x150.jpeg|https://www.cmedistribution.com.my/wp-content/uploads/2025/11/IPAD-AIR-11-2024-4G-RB-VOL-300x300.jpeg|https://www.cmedistribution.com.my/wp-content/uploads/2025/11/IPAD-AIR-11-2024-4G-RB-VOL-350x350.jpeg|https://www.cmedistribution.com.my/wp-content/uploads/2025/11/IPAD-AIR-11-2024-4G-RB-VOL-600x600.jpeg|https://www.cmedistribution.com.my/wp-content/uploads/2025/11/IPAD-AIR-11-2024-4G-RB-VOL-768x768.jpeg|https://www.cmedistribution.com.my/wp-content/uploads/2025/11/IPAD-AIR-11-2024-4G-RB-VOL.jpeg,SKU-U62EL7,53
"PXD Air 11 (2024-M2,2025-M3)-WiFi A2902/A3266 Ribbon Volume",14.40,"Description Product Specifications and Features: -PXD Air 11 (2024-M2,2025-M3)-WiFi A2902/A3266 Ribbon Volume -(821-02768-A)",https://www.cmedistribution.com.my/wp-content/uploads/2025/11/IPAD-AIR-11-2024-WIFI-RB-VOL.jpeg,SKU-XOADYO,58
"PXD Air 13 (2024-M2) A2898,A2899,A2900 Ribbon Volume",36.00,"Description Product Specifications and Features: -PXD Air 13 (2024-M2) A2898,A2899,A2900 Ribbon Volume -(821-04 546-03)",https://www.cmedistribution.com.my/wp-content/uploads/2025/11/IPAD-AIR-13-2024-RB-VOL-100x100.jpeg|https://www.cmedistribution.com.my/wp-content/uploads/2025/11/IPAD-AIR-13-2024-RB-VOL-1024x1024.jpeg|https://www.cmedistribution.com.my/wp-content/uploads/2025/11/IPAD-AIR-13-2024-RB-VOL-150x150.jpeg|https://www.cmedistribution.com.my/wp-content/uploads/2025/11/IPAD-AIR-13-2024-RB-VOL-300x300.jpeg|https://www.cmedistribution.com.my/wp-content/uploads/2025/11/IPAD-AIR-13-2024-RB-VOL-350x350.jpeg|https://www.cmedistribution.com.my/wp-content/uploads/2025/11/IPAD-AIR-13-2024-RB-VOL-600x600.jpeg|https://www.cmedistribution.com.my/wp-content/uploads/2025/11/IPAD-AIR-13-2024-RB-VOL-768x768.jpeg|https://www.cmedistribution.com.my/wp-content/uploads/2025/11/IPAD-AIR-13-2024-RB-VOL.jpeg,SKU-E1MJEC,41
"PXD Mini 7 (2024-A17 Pro)-Cellular A2995,A2996 Ribbon Mic",16.80,"Description Product Specifications and Features: -PXD Mini 7 (2024-A17 Pro)-Cellular A2995,A2996 Ribbon Mic",https://www.cmedistribution.com.my/wp-content/uploads/2025/11/IPAD-MINI-7-4G-RB-VOL.jpeg,SKU-DV7CZP,81
"PXD Mini 7 (2024-A17 Pro)-Cellular A2995,A2996 Ribbon UI For LCD",15.60,"Description Product Specifications and Features: -PXD Mini 7 (2024-A17 Pro)-Cellular A2995,A2996 Ribbon UI For LCD -(821-03164-05)",https://www.cmedistribution.com.my/wp-content/uploads/2025/11/IPAD-MINI-7-RB-UI-LCD.jpeg,SKU-ZVL00G,76
"PXD Mini 7 (2024-A17 Pro)-Cellular A2995,A2996 Ribbon Volume",30.00,"Description Product Specifications and Features: -PXD Mini 7 (2024-A17 Pro)-Cellular A2995,A2996 Ribbon Volume (821-03257-06)",https://www.cmedistribution.com.my/wp-content/uploads/2025/11/IPAD-MINI-7-4G-RB-VOL.jpeg,SKU-B7MRZ9,13
PXD Mini 7 (2024-A17 Pro)-WiFi A2993 Ribbon Mic,16.80,Description Product Specifications and Features: -PXD Mini 7 (2024-A17 Pro)-WiFi A2993 Ribbon Mic,https://www.cmedistribution.com.my/wp-content/uploads/2025/11/IPAD-MINI-7-WIFI-RB-MIC-100x100.jpeg|https://www.cmedistribution.com.my/wp-content/uploads/2025/11/IPAD-MINI-7-WIFI-RB-MIC-1024x1024.jpeg|https://www.cmedistribution.com.my/wp-content/uploads/2025/11/IPAD-MINI-7-WIFI-RB-MIC-150x150.jpeg|https://www.cmedistribution.com.my/wp-content/uploads/2025/11/IPAD-MINI-7-WIFI-RB-MIC-300x300.jpeg|https://www.cmedistribution.com.my/wp-content/uploads/2025/11/IPAD-MINI-7-WIFI-RB-MIC-350x350.jpeg|https://www.cmedistribution.com.my/wp-content/uploads/2025/11/IPAD-MINI-7-WIFI-RB-MIC-600x600.jpeg|https://www.cmedistribution.com.my/wp-content/uploads/2025/11/IPAD-MINI-7-WIFI-RB-MIC-768x768.jpeg|https://www.cmedistribution.com.my/wp-content/uploads/2025/11/IPAD-MINI-7-WIFI-RB-MIC.jpeg,SKU-0M6SUN,50
PXD Mini 7 (2024-A17 Pro)-WiFi A2993 Ribbon Volume,78.00,Description Product Specifications and Features: -PXD Mini 7 (2024-A17 Pro)-WiFi A2993 Ribbon Volume,https://www.cmedistribution.com.my/wp-content/uploads/2025/11/IPAD-MINI-7-WIFI-RB-VOL-100x100.jpeg|https://www.cmedistribution.com.my/wp-content/uploads/2025/11/IPAD-MINI-7-WIFI-RB-VOL-1024x1024.jpeg|https://www.cmedistribution.com.my/wp-content/uploads/2025/11/IPAD-MINI-7-WIFI-RB-VOL-150x150.jpeg|https://www.cmedistribution.com.my/wp-content/uploads/2025/11/IPAD-MINI-7-WIFI-RB-VOL-300x300.jpeg|https://www.cmedistribution.com.my/wp-content/uploads/2025/11/IPAD-MINI-7-WIFI-RB-VOL-350x350.jpeg|https://www.cmedistribution.com.my/wp-content/uploads/2025/11/IPAD-MINI-7-WIFI-RB-VOL-600x600.jpeg|https://www.cmedistribution.com.my/wp-content/uploads/2025/11/IPAD-MINI-7-WIFI-RB-VOL-768x768.jpeg|https://www.cmedistribution.com.my/wp-content/uploads/2025/11/IPAD-MINI-7-WIFI-RB-VOL.jpeg,SKU-TO0UT4,72
"PXD Pro 11 (2024-M4) A2836,A2837,A3006 Ribbon UI For LCD (1SET 2PCS)",33.60,"Description Product Specifications and Features: -PXD Pro 11 (2024-M4) A2836,A2837,A3006 Ribbon UI For LCD (1SET 2PCS) -(821-04554-A,821-04552-03)",https://www.cmedistribution.com.my/wp-content/uploads/2025/11/IPAD-PRO-11-2024-RB-UI-LCD-100x100.jpeg|https://www.cmedistribution.com.my/wp-content/uploads/2025/11/IPAD-PRO-11-2024-RB-UI-LCD-1024x1024.jpeg|https://www.cmedistribution.com.my/wp-content/uploads/2025/11/IPAD-PRO-11-2024-RB-UI-LCD-150x150.jpeg|https://www.cmedistribution.com.my/wp-content/uploads/2025/11/IPAD-PRO-11-2024-RB-UI-LCD-300x300.jpeg|https://www.cmedistribution.com.my/wp-content/uploads/2025/11/IPAD-PRO-11-2024-RB-UI-LCD-350x350.jpeg|https://www.cmedistribution.com.my/wp-content/uploads/2025/11/IPAD-PRO-11-2024-RB-UI-LCD-600x600.jpeg|https://www.cmedistribution.com.my/wp-content/uploads/2025/11/IPAD-PRO-11-2024-RB-UI-LCD-768x768.jpeg|https://www.cmedistribution.com.my/wp-content/uploads/2025/11/IPAD-PRO-11-2024-RB-UI-LCD.jpeg,SKU-L6ROHN,45
"PXD Pro 11 (2024-M4)/Pro 13 (2024-M4) A2836,A2837,A3006/A2925,A2926,A3007 Ribbon Volume",36.00,"Description Product Specifications and Features: -PXD Pro 11 (2024-M4)/Pro 13 (2024-M4) A2836,A2837,A3006/A2925,A2926,A3007 Ribbon Volume -(04884-05)",https://www.cmedistribution.com.my/wp-content/uploads/2025/11/IPAD-PRO-11-2024-RB-VOL-100x100.jpeg|https://www.cmedistribution.com.my/wp-content/uploads/2025/11/IPAD-PRO-11-2024-RB-VOL-1024x1024.jpeg|https://www.cmedistribution.com.my/wp-content/uploads/2025/11/IPAD-PRO-11-2024-RB-VOL-150x150.jpeg|https://www.cmedistribution.com.my/wp-content/uploads/2025/11/IPAD-PRO-11-2024-RB-VOL-300x300.jpeg|https://www.cmedistribution.com.my/wp-content/uploads/2025/11/IPAD-PRO-11-2024-RB-VOL-350x350.jpeg|https://www.cmedistribution.com.my/wp-content/uploads/2025/11/IPAD-PRO-11-2024-RB-VOL-600x600.jpeg|https://www.cmedistribution.com.my/wp-content/uploads/2025/11/IPAD-PRO-11-2024-RB-VOL-768x768.jpeg|https://www.cmedistribution.com.my/wp-content/uploads/2025/11/IPAD-PRO-11-2024-RB-VOL.jpeg,SKU-NWM12D,17
Infinix Hot 40i-4G X6528B Rear Camera (1SET 2PCS),42.00,Description Product Specifications and Features: -Infinix Hot 40i-4G X6528B Rear Camera (1SET 2PCS),https://www.cmedistribution.com.my/wp-content/uploads/2025/11/INF-HOT-40I-REAR-CAM-100x100.jpeg|https://www.cmedistribution.com.my/wp-content/uploads/2025/11/INF-HOT-40I-REAR-CAM-1024x1024.jpeg|https://www.cmedistribution.com.my/wp-content/uploads/2025/11/INF-HOT-40I-REAR-CAM-150x150.jpeg|https://www.cmedistribution.com.my/wp-content/uploads/2025/11/INF-HOT-40I-REAR-CAM-300x300.jpeg|https://www.cmedistribution.com.my/wp-content/uploads/2025/11/INF-HOT-40I-REAR-CAM-350x350.jpeg|https://www.cmedistribution.com.my/wp-content/uploads/2025/11/INF-HOT-40I-REAR-CAM-600x600.jpeg|https://www.cmedistribution.com.my/wp-content/uploads/2025/11/INF-HOT-40I-REAR-CAM-768x768.jpeg|https://www.cmedistribution.com.my/wp-content/uploads/2025/11/INF-HOT-40I-REAR-CAM.jpeg,SKU-Y6WHRE,61
Phone 17 Front Camera Full Set,186.00,Description Product Specifications and Features: -Phone 17 Front Camera Full Set,https://www.cmedistribution.com.my/wp-content/uploads/2025/11/IP-17-FRONT-CAM-FS.jpeg,SKU-DFJ7VD,90
Phone 17Pro Front Camera Full Set,228.00,Description Product Specifications and Features: -Phone 17Pro Front Camera Full Set -(05369-4),https://www.cmedistribution.com.my/wp-content/uploads/2025/11/IP-17PRO-FRONT-CAM-FS.jpeg,SKU-6OQLRW,84
Phone 17ProMax Front Camera Full Set,228.00,Description Product Specifications and Features: -Phone 17ProMax Front Camera Full Set -(821-05559-05),https://www.cmedistribution.com.my/wp-content/uploads/2023/06/a7-1-scaled-1-54x54.jpg|https://www.cmedistribution.com.my/wp-content/uploads/2023/06/a7-1-scaled-1.jpg|https://www.cmedistribution.com.my/wp-content/uploads/2025/11/IP-17PM-FRONT-CAM-FS-100x100.jpeg|https://www.cmedistribution.com.my/wp-content/uploads/2025/11/IP-17PM-FRONT-CAM-FS-1024x1024.jpeg|https://www.cmedistribution.com.my/wp-content/uploads/2025/11/IP-17PM-FRONT-CAM-FS-150x150.jpeg|https://www.cmedistribution.com.my/wp-content/uploads/2025/11/IP-17PM-FRONT-CAM-FS-300x300.jpeg|https://www.cmedistribution.com.my/wp-content/uploads/2025/11/IP-17PM-FRONT-CAM-FS-350x350.jpeg|https://www.cmedistribution.com.my/wp-content/uploads/2025/11/IP-17PM-FRONT-CAM-FS-600x600.jpeg|https://www.cmedistribution.com.my/wp-content/uploads/2025/11/IP-17PM-FRONT-CAM-FS-768x768.jpeg|https://www.cmedistribution.com.my/wp-content/uploads/2025/11/IP-17PM-FRONT-CAM-FS.jpeg,SKU-5NH8IT,38
Phone Air (17Air) Front Camera Full Set,198.00,Description Product Specifications and Features: -Phone Air (17Air) Front Camera Full Set -(05544-03),https://www.cmedistribution.com.my/wp-content/uploads/2025/11/IP-17-AIR-FRONT-CAM-FS.jpeg,SKU-T4P2AQ,54
Phone Air (17Air) Rear Camera,270.00,Description Product Specifications and Features: -Phone Air (17Air) Rear Camera -(05335-05),https://www.cmedistribution.com.my/wp-content/uploads/2025/11/IP-17-AIR-REAR-CAM.jpeg,SKU-M3WXH0,70
"PXD 11 (2025-A16) A3355,A3356,A3354 Buzzer Full Set (1SET 2PCS)",74.40,"Description Product Specifications and Features: -PXD 11 (2025-A16) A3355,A3356,A3354 Buzzer Full Set (1SET 2PCS)",https://www.cmedistribution.com.my/wp-content/uploads/2025/11/IPAD-11-2025-BUZ-FS.jpeg,SKU-E23Z6R,62
"PXD Air 11 (2024-M2,2025-M3) A2902,A2903,A2904 / A3266,A3267,A3270 Buzzer Full Set (1SET 2PCS)",69.60,"Description Product Specifications and Features: -PXD Air 11 (2024-M2,2025-M3) A2902,A2903,A2904 / A3266,A3267,A3270 Buzzer Full Set (1SET 2PCS)",https://www.cmedistribution.com.my/wp-content/uploads/2025/11/IPAD-AIR-11-2024-BUZ-FS-100x100.jpeg|https://www.cmedistribution.com.my/wp-content/uploads/2025/11/IPAD-AIR-11-2024-BUZ-FS-1024x1024.jpeg|https://www.cmedistribution.com.my/wp-content/uploads/2025/11/IPAD-AIR-11-2024-BUZ-FS-150x150.jpeg|https://www.cmedistribution.com.my/wp-content/uploads/2025/11/IPAD-AIR-11-2024-BUZ-FS-300x300.jpeg|https://www.cmedistribution.com.my/wp-content/uploads/2025/11/IPAD-AIR-11-2024-BUZ-FS-350x350.jpeg|https://www.cmedistribution.com.my/wp-content/uploads/2025/11/IPAD-AIR-11-2024-BUZ-FS-600x600.jpeg|https://www.cmedistribution.com.my/wp-content/uploads/2025/11/IPAD-AIR-11-2024-BUZ-FS-768x768.jpeg|https://www.cmedistribution.com.my/wp-content/uploads/2025/11/IPAD-AIR-11-2024-BUZ-FS.jpeg,SKU-N8D0WS,80
"PXD Air 11 (2024-M2,2025-M3) A2902,A2903,A2904 / A3266,A3267,A3270 & PXD 11 (2025-A16) A3355,A3356,A3354 GPS Antenna",19.20,"Description Product Specifications and Features: -PXD Air 11 (2024-M2,2025-M3) A2902,A2903,A2904 / A3266,A3267,A3270 & PXD 11 (2025-A16) A3355,A3356,A3354 GPS Antenna",https://www.cmedistribution.com.my/wp-content/uploads/2025/11/IPAD-AIR-11-2024-GPS-ANT.jpeg,SKU-T3QD2W,55
"PXD Air 11 (2024-M2,2025-M3) A2902,A2903,A2904 / A3266,A3267,A3270 & PXD 11 (2025-A16) A3355,A3356,A3354 WiFi Antenna",19.20,"Description Product Specifications and Features: -PXD Air 11 (2024-M2,2025-M3) A2902,A2903,A2904 / A3266,A3267,A3270 & PXD 11 (2025-A16) A3355,A3356,A3354 WiFi Antenna",https://www.cmedistribution.com.my/wp-content/uploads/2025/11/IPAD-AIR-11-2024-WIFI-ANT.jpeg,SKU-5S53SU,87
"PXD Air 13 (2024-M2) A2898,A2899,A2900 & Air 11 (2024-M2,2025-M3) A2902,A2903,A2904 / A3266,A3267,A3270 Ribbon Fingerprint + On/Off Button",30.00,"Description Product Specifications and Features: -PXD Air 13 (2024-M2) A2898,A2899,A2900 & Air 11 (2024-M2,2025-M3) A2902,A2903,A2904 / A3266,A3267,A3270 Ribbon Fingerprint + On/Off Button",https://www.cmedistribution.com.my/wp-content/uploads/2025/11/IPAD-AIR-13-2024-RB-FINGER-100x100.jpeg|https://www.cmedistribution.com.my/wp-content/uploads/2025/11/IPAD-AIR-13-2024-RB-FINGER-1024x1024.jpeg|https://www.cmedistribution.com.my/wp-content/uploads/2025/11/IPAD-AIR-13-2024-RB-FINGER-150x150.jpeg|https://www.cmedistribution.com.my/wp-content/uploads/2025/11/IPAD-AIR-13-2024-RB-FINGER-300x300.jpeg|https://www.cmedistribution.com.my/wp-content/uploads/2025/11/IPAD-AIR-13-2024-RB-FINGER-350x350.jpeg|https://www.cmedistribution.com.my/wp-content/uploads/2025/11/IPAD-AIR-13-2024-RB-FINGER-600x600.jpeg|https://www.cmedistribution.com.my/wp-content/uploads/2025/11/IPAD-AIR-13-2024-RB-FINGER-768x768.jpeg|https://www.cmedistribution.com.my/wp-content/uploads/2025/11/IPAD-AIR-13-2024-RB-FINGER.jpeg,SKU-RAUL9F,66
"PXD Air 13 (2024-M2) A2898,A2899,A2900 Buzzer Full Set (1SET 2PCS)",93.60,"Description Product Specifications and Features: -PXD Air 13 (2024-M2) A2898,A2899,A2900 Buzzer Full Set (1SET 2PCS)",https://www.cmedistribution.com.my/wp-content/uploads/2025/11/IPAD-AIR-13-2024-BUZ-FS-100x100.jpeg|https://www.cmedistribution.com.my/wp-content/uploads/2025/11/IPAD-AIR-13-2024-BUZ-FS-1024x1024.jpeg|https://www.cmedistribution.com.my/wp-content/uploads/2025/11/IPAD-AIR-13-2024-BUZ-FS-150x150.jpeg|https://www.cmedistribution.com.my/wp-content/uploads/2025/11/IPAD-AIR-13-2024-BUZ-FS-300x300.jpeg|https://www.cmedistribution.com.my/wp-content/uploads/2025/11/IPAD-AIR-13-2024-BUZ-FS-350x350.jpeg|https://www.cmedistribution.com.my/wp-content/uploads/2025/11/IPAD-AIR-13-2024-BUZ-FS-600x600.jpeg|https://www.cmedistribution.com.my/wp-content/uploads/2025/11/IPAD-AIR-13-2024-BUZ-FS-768x768.jpeg|https://www.cmedistribution.com.my/wp-content/uploads/2025/11/IPAD-AIR-13-2024-BUZ-FS.jpeg,SKU-71ZF3I,47
"PXD Air 13 (2024-M2) A2898,A2899,A2900 GPS Antenna",19.20,"Description Product Specifications and Features: -PXD Air 13 (2024-M2) A2898,A2899,A2900 GPS Antenna",https://www.cmedistribution.com.my/wp-content/uploads/2025/11/IPAD-AIR-13-2024-GPS-ANT.jpeg,SKU-HN02OF,6
"PXD Air 13 (2024-M2) A2898,A2899,A2900 WiFi Antenna",19.20,"Description Product Specifications and Features: -PXD Air 13 (2024-M2) A2898,A2899,A2900 WiFi Antenna",https://www.cmedistribution.com.my/wp-content/uploads/2025/11/IPAD-AIR-13-2024-WIFI-ANT.jpeg,SKU-E48RUY,0
"PXD Mini 6 (2021-A15)A2568/Mini 7 (2024-A17 Pro) A2993,A2995,A2996 Buzzer Full Set (1SET 2PCS)",74.40,"Description Product Specifications and Features: -PXD Mini 6 (2021-A15)A2568/Mini 7 (2024-A17 Pro) A2993,A2995,A2996 Buzzer Full Set (1SET 2PCS)",https://www.cmedistribution.com.my/wp-content/uploads/2025/11/IPAD-MINI-6-BUZ-FS.jpeg,SKU-EJP23X,52
"PXD Mini 7 (2024-A17 Pro) A2993,A2995,A2996 GPS Antenna",19.20,"Description Product Specifications and Features: -PXD Mini 7 (2024-A17 Pro) A2993,A2995,A2996 GPS Antenna",https://www.cmedistribution.com.my/wp-content/uploads/2025/11/IPAD-MINI-7-GPS-ANT.jpeg,SKU-HEL9T4,3
"PXD Mini 7 (2024-A17 Pro) A2993,A2995,A2996 WiFi Antenna",19.20,"Description Product Specifications and Features: -PXD Mini 7 (2024-A17 Pro) A2993,A2995,A2996 WiFi Antenna",https://www.cmedistribution.com.my/wp-content/uploads/2025/11/IPAD-MINI-7-WIFI-ANT-100x100.jpeg|https://www.cmedistribution.com.my/wp-content/uploads/2025/11/IPAD-MINI-7-WIFI-ANT-1024x1024.jpeg|https://www.cmedistribution.com.my/wp-content/uploads/2025/11/IPAD-MINI-7-WIFI-ANT-150x150.jpeg|https://www.cmedistribution.com.my/wp-content/uploads/2025/11/IPAD-MINI-7-WIFI-ANT-300x300.jpeg|https://www.cmedistribution.com.my/wp-content/uploads/2025/11/IPAD-MINI-7-WIFI-ANT-350x350.jpeg|https://www.cmedistribution.com.my/wp-content/uploads/2025/11/IPAD-MINI-7-WIFI-ANT-600x600.jpeg|https://www.cmedistribution.com.my/wp-content/uploads/2025/11/IPAD-MINI-7-WIFI-ANT-768x768.jpeg|https://www.cmedistribution.com.my/wp-content/uploads/2025/11/IPAD-MINI-7-WIFI-ANT.jpeg,SKU-RB5TL3,23
"PXD Pro 11 (2024-M4) A2836,A2837,A3006 GPS Antenna",19.20,"Description Product Specifications and Features: -PXD Pro 11 (2024-M4) A2836,A2837,A3006 GPS Antenna",https://www.cmedistribution.com.my/wp-content/uploads/2025/11/IPAD-PRO-11-2024-GPS-ANT.jpeg,SKU-P37S6U,66
"PXD Pro 11 (2024-M4) A2836,A2837,A3006 Ribbon On Off",33.60,"Description Product Specifications and Features: -PXD Pro 11 (2024-M4) A2836,A2837,A3006 Ribbon On Off -(04831-01)",https://www.cmedistribution.com.my/wp-content/uploads/2025/11/IPAD-PRO-11-2024-RB-OF.jpeg,SKU-FUSKKQ,100
"PXD Pro 11 (2024-M4) A2836,A2837,A3006 WiFi Antenna",19.20,"Description Product Specifications and Features: -PXD Pro 11 (2024-M4) A2836,A2837,A3006 WiFi Antenna",https://www.cmedistribution.com.my/wp-content/uploads/2025/11/IPAD-PRO-11-2024-WIFI-ANT.jpeg,SKU-M2AHU4,25
Phone 12ProMax LCD RJ TFT Incell Full Set (Support Move IC),138.00,Description Product Specifications and Features: -Phone 12ProMax LCD RJ TFT Incell Full Set (Support Move IC) -Warranty 1 Month -Self Damage Will Be No Warranty,https://www.cmedistribution.com.my/wp-content/uploads/2025/11/IP-12PM-LCD-RJ-TFT-FS.jpeg,SKU-QD53SC,93
Phone 13ProMax LCD JK Soft OLED Full Set (Support Move IC)-120HZ,222.00,Description Product Specifications and Features: -Phone 13ProMax LCD JK Soft OLED Full Set (Support Move IC)-120HZ -Warranty 1 Month -Self Damage Will Be No Warranty,https://www.cmedistribution.com.my/wp-content/uploads/2025/11/IP-13PM-LCD-JK-SOFT-OLED-FS.jpg,SKU-LKBYVJ,85
Phone 14Pro LCD RJ Soft OLED Full Set (Support Move IC)-120HZ,306.00,Description Product Specifications and Features: -Phone 14Pro LCD RJ Soft OLED Full Set (Support Move IC)-120HZ -Warranty 1 Month -Self Damage Will Be No Warranty,https://www.cmedistribution.com.my/wp-content/uploads/2025/11/IP-14PRO-LCD-RJ-SOFT-OLED-FS-100x100.jpeg|https://www.cmedistribution.com.my/wp-content/uploads/2025/11/IP-14PRO-LCD-RJ-SOFT-OLED-FS-1024x1024.jpeg|https://www.cmedistribution.com.my/wp-content/uploads/2025/11/IP-14PRO-LCD-RJ-SOFT-OLED-FS-150x150.jpeg|https://www.cmedistribution.com.my/wp-content/uploads/2025/11/IP-14PRO-LCD-RJ-SOFT-OLED-FS-300x300.jpeg|https://www.cmedistribution.com.my/wp-content/uploads/2025/11/IP-14PRO-LCD-RJ-SOFT-OLED-FS-350x350.jpeg|https://www.cmedistribution.com.my/wp-content/uploads/2025/11/IP-14PRO-LCD-RJ-SOFT-OLED-FS-600x600.jpeg|https://www.cmedistribution.com.my/wp-content/uploads/2025/11/IP-14PRO-LCD-RJ-SOFT-OLED-FS-768x768.jpeg|https://www.cmedistribution.com.my/wp-content/uploads/2025/11/IP-14PRO-LCD-RJ-SOFT-OLED-FS.jpeg,SKU-0W4C8B,64
Phone 14ProMax LCD JK Soft OLED Full Set (Support Move IC)-120HZ,282.00,Description Product Specifications and Features: -Phone 14ProMax LCD JK Soft OLED Full Set (Support Move IC)-120HZ -Warranty 1 Month -Self Damage Will Be No Warranty,https://www.cmedistribution.com.my/wp-content/uploads/2025/11/IP-14PM-LCD-JK-SOFT-OLED-FS.jpeg,SKU-QOWRLL,65
Phone 15ProMax LCD JK Soft OLED Full Set (Support Move IC)-120HZ,330.00,Description Product Specifications and Features: -Phone 15ProMax LCD JK Soft OLED Full Set (Support Move IC)-120HZ -Warranty 1 Month -Self Damage Will Be No Warranty,https://www.cmedistribution.com.my/wp-content/uploads/2025/11/IP-15PM-LCD-JK-SOFT-OLED-FS.jpeg,SKU-SZ5JNG,73
Phone 16Plus LCD RJ Soft OLED Full Set,390.00,Description Product Specifications and Features: -Phone 16Plus LCD RJ Soft OLED Full Set -Warranty 1 Month -Self Damage Will Be No Warranty,https://www.cmedistribution.com.my/wp-content/uploads/2025/11/IP-16PLUS-LCD-RJ-SOFT-OLED-FS-100x100.jpeg|https://www.cmedistribution.com.my/wp-content/uploads/2025/11/IP-16PLUS-LCD-RJ-SOFT-OLED-FS-1024x1024.jpeg|https://www.cmedistribution.com.my/wp-content/uploads/2025/11/IP-16PLUS-LCD-RJ-SOFT-OLED-FS-150x150.jpeg|https://www.cmedistribution.com.my/wp-content/uploads/2025/11/IP-16PLUS-LCD-RJ-SOFT-OLED-FS-300x300.jpeg|https://www.cmedistribution.com.my/wp-content/uploads/2025/11/IP-16PLUS-LCD-RJ-SOFT-OLED-FS-350x350.jpeg|https://www.cmedistribution.com.my/wp-content/uploads/2025/11/IP-16PLUS-LCD-RJ-SOFT-OLED-FS-600x600.jpeg|https://www.cmedistribution.com.my/wp-content/uploads/2025/11/IP-16PLUS-LCD-RJ-SOFT-OLED-FS-768x768.jpeg|https://www.cmedistribution.com.my/wp-content/uploads/2025/11/IP-16PLUS-LCD-RJ-SOFT-OLED-FS.jpeg,SKU-BN9ZL8,58
Phone 17 Speaker,69.60,Description Product Specifications and Features: -Phone 17 Speaker,https://www.cmedistribution.com.my/wp-content/uploads/2025/11/IP-17-SPK.jpeg,SKU-4E6VVK,99
Phone 17Pro Speaker,54.00,Description Product Specifications and Features: -Phone 17Pro Speaker,https://www.cmedistribution.com.my/wp-content/uploads/2025/11/IP-17PRO-SPK.jpeg,SKU-B0VD1W,2
Phone 17ProMax Camera Lens + Frame (1SET 3PCS),26.40,Description Product Specifications and Features: -Phone 17ProMax Camera Lens + Frame (1SET 3PCS),https://www.cmedistribution.com.my/wp-content/uploads/2025/11/IP-17PM-CAM-LENS-FRM-100x100.jpeg|https://www.cmedistribution.com.my/wp-content/uploads/2025/11/IP-17PM-CAM-LENS-FRM-1024x1024.jpeg|https://www.cmedistribution.com.my/wp-content/uploads/2025/11/IP-17PM-CAM-LENS-FRM-150x150.jpeg|https://www.cmedistribution.com.my/wp-content/uploads/2025/11/IP-17PM-CAM-LENS-FRM-300x300.jpeg|https://www.cmedistribution.com.my/wp-content/uploads/2025/11/IP-17PM-CAM-LENS-FRM-350x350.jpeg|https://www.cmedistribution.com.my/wp-content/uploads/2025/11/IP-17PM-CAM-LENS-FRM-600x600.jpeg|https://www.cmedistribution.com.my/wp-content/uploads/2025/11/IP-17PM-CAM-LENS-FRM-768x768.jpeg|https://www.cmedistribution.com.my/wp-content/uploads/2025/11/IP-17PM-CAM-LENS-FRM.jpeg,SKU-729EEA,82
Phone 17ProMax Speaker,54.00,Description Product Specifications and Features: -Phone 17ProMax Speaker,https://www.cmedistribution.com.my/wp-content/uploads/2025/11/IP-17PM-SPK-100x100.jpeg|https://www.cmedistribution.com.my/wp-content/uploads/2025/11/IP-17PM-SPK-1024x1024.jpeg|https://www.cmedistribution.com.my/wp-content/uploads/2025/11/IP-17PM-SPK-150x150.jpeg|https://www.cmedistribution.com.my/wp-content/uploads/2025/11/IP-17PM-SPK-300x300.jpeg|https://www.cmedistribution.com.my/wp-content/uploads/2025/11/IP-17PM-SPK-350x350.jpeg|https://www.cmedistribution.com.my/wp-content/uploads/2025/11/IP-17PM-SPK-600x600.jpeg|https://www.cmedistribution.com.my/wp-content/uploads/2025/11/IP-17PM-SPK-768x768.jpeg|https://www.cmedistribution.com.my/wp-content/uploads/2025/11/IP-17PM-SPK.jpeg,SKU-GUP5KU,13
Phone Air (17Air) Speaker,69.60,Description Product Specifications and Features: -Phone Air (17Air) Speaker,https://www.cmedistribution.com.my/wp-content/uploads/2025/11/IP-17-AIR-SPK.jpeg,SKU-3UNN96,47
"PXD Air 11 (2024-M2,2025-M3) A2902,A2903,A2904 / A3266,A3267,A3270 (ORI) Charging Flex Ribbon",60.00,"Description Product Specifications and Features: -PXD Air 11 (2024-M2,2025-M3) A2902,A2903,A2904 / A3266,A3267,A3270 (ORI) Charging Flex Ribbon",https://www.cmedistribution.com.my/wp-content/uploads/2025/11/IPAD-AIR-11-2024-ORI-CC-RB-100x100.jpeg|https://www.cmedistribution.com.my/wp-content/uploads/2025/11/IPAD-AIR-11-2024-ORI-CC-RB-1024x1024.jpeg|https://www.cmedistribution.com.my/wp-content/uploads/2025/11/IPAD-AIR-11-2024-ORI-CC-RB-150x150.jpeg|https://www.cmedistribution.com.my/wp-content/uploads/2025/11/IPAD-AIR-11-2024-ORI-CC-RB-300x300.jpeg|https://www.cmedistribution.com.my/wp-content/uploads/2025/11/IPAD-AIR-11-2024-ORI-CC-RB-350x350.jpeg|https://www.cmedistribution.com.my/wp-content/uploads/2025/11/IPAD-AIR-11-2024-ORI-CC-RB-600x600.jpeg|https://www.cmedistribution.com.my/wp-content/uploads/2025/11/IPAD-AIR-11-2024-ORI-CC-RB-768x768.jpeg|https://www.cmedistribution.com.my/wp-content/uploads/2025/11/IPAD-AIR-11-2024-ORI-CC-RB.jpeg,SKU-Q8VCWP,32
"PXD Air 13 (2024-M2) A2898,A2899,A2900 (ORI) Charging Flex Ribbon",60.00,"Description Product Specifications and Features: -PXD Air 13 (2024-M2) A2898,A2899,A2900 (ORI) Charging Flex Ribbon",https://www.cmedistribution.com.my/wp-content/uploads/2025/11/IPAD-AIR-13-2024-ORI-CC-RB-100x100.jpeg|https://www.cmedistribution.com.my/wp-content/uploads/2025/11/IPAD-AIR-13-2024-ORI-CC-RB-1024x1024.jpeg|https://www.cmedistribution.com.my/wp-content/uploads/2025/11/IPAD-AIR-13-2024-ORI-CC-RB-150x150.jpeg|https://www.cmedistribution.com.my/wp-content/uploads/2025/11/IPAD-AIR-13-2024-ORI-CC-RB-300x300.jpeg|https://www.cmedistribution.com.my/wp-content/uploads/2025/11/IPAD-AIR-13-2024-ORI-CC-RB-350x350.jpeg|https://www.cmedistribution.com.my/wp-content/uploads/2025/11/IPAD-AIR-13-2024-ORI-CC-RB-600x600.jpeg|https://www.cmedistribution.com.my/wp-content/uploads/2025/11/IPAD-AIR-13-2024-ORI-CC-RB-768x768.jpeg|https://www.cmedistribution.com.my/wp-content/uploads/2025/11/IPAD-AIR-13-2024-ORI-CC-RB.jpeg,SKU-NUUBE6,31
"PXD Pro 11 (2024-M4) A2836,A2837,A3006 (ORI) Charging Flex Ribbon",84.00,"Description Product Specifications and Features: -PXD Pro 11 (2024-M4) A2836,A2837,A3006 (ORI) Charging Flex Ribbon",https://www.cmedistribution.com.my/wp-content/uploads/2025/11/IPAD-PRO-11-2024-ORI-CC-RB-100x100.jpeg|https://www.cmedistribution.com.my/wp-content/uploads/2025/11/IPAD-PRO-11-2024-ORI-CC-RB-1024x1024.jpeg|https://www.cmedistribution.com.my/wp-content/uploads/2025/11/IPAD-PRO-11-2024-ORI-CC-RB-150x150.jpeg|https://www.cmedistribution.com.my/wp-content/uploads/2025/11/IPAD-PRO-11-2024-ORI-CC-RB-300x300.jpeg|https://www.cmedistribution.com.my/wp-content/uploads/2025/11/IPAD-PRO-11-2024-ORI-CC-RB-350x350.jpeg|https://www.cmedistribution.com.my/wp-content/uploads/2025/11/IPAD-PRO-11-2024-ORI-CC-RB-600x600.jpeg|https://www.cmedistribution.com.my/wp-content/uploads/2025/11/IPAD-PRO-11-2024-ORI-CC-RB-768x768.jpeg|https://www.cmedistribution.com.my/wp-content/uploads/2025/11/IPAD-PRO-11-2024-ORI-CC-RB.jpeg,SKU-4YNCHB,76
Redmi Pad 2 LCD ORI Full Set,198.00,Description Product Specifications and Features: -Redmi Pad 2 LCD ORI Full Set -Warranty 1 Month -Self Damage Will Be No Warranty,https://www.cmedistribution.com.my/wp-content/uploads/2025/11/REDMI-PAD-2-LCD-ORI-FS-100x100.jpg|https://www.cmedistribution.com.my/wp-content/uploads/2025/11/REDMI-PAD-2-LCD-ORI-FS-150x150.jpg|https://www.cmedistribution.com.my/wp-content/uploads/2025/11/REDMI-PAD-2-LCD-ORI-FS-300x300.jpg|https://www.cmedistribution.com.my/wp-content/uploads/2025/11/REDMI-PAD-2-LCD-ORI-FS-350x350.jpg|https://www.cmedistribution.com.my/wp-content/uploads/2025/11/REDMI-PAD-2-LCD-ORI-FS-600x600.jpg|https://www.cmedistribution.com.my/wp-content/uploads/2025/11/REDMI-PAD-2-LCD-ORI-FS.jpg,SKU-F8OHMC,36
Redmi Pad 2 Pro LCD ORI Full Set,162.00,Description Product Specifications and Features: -Redmi Pad 2 Pro LCD ORI Full Set -Warranty 1 Month -Self Damage Will Be No Warranty,https://www.cmedistribution.com.my/wp-content/uploads/2025/11/REDMI-PAD-2-PRO-LCD-ORI-FS.jpeg,SKU-W1BHM9,37
SM Note 10 Lite SM-N770F LCD OLED Full Set + Frame,282.00,Description Product Specifications and Features: -SM Note 10 Lite SM-N770F LCD OLED Full Set + Frame -Warranty 1 Month -Self Damage Will Be No Warranty,https://www.cmedistribution.com.my/wp-content/uploads/2025/11/SM-NOTE-10-LITE-LCD-OLED-FRM-100x100.jpeg|https://www.cmedistribution.com.my/wp-content/uploads/2025/11/SM-NOTE-10-LITE-LCD-OLED-FRM-1024x1024.jpeg|https://www.cmedistribution.com.my/wp-content/uploads/2025/11/SM-NOTE-10-LITE-LCD-OLED-FRM-150x150.jpeg|https://www.cmedistribution.com.my/wp-content/uploads/2025/11/SM-NOTE-10-LITE-LCD-OLED-FRM-300x300.jpeg|https://www.cmedistribution.com.my/wp-content/uploads/2025/11/SM-NOTE-10-LITE-LCD-OLED-FRM-350x350.jpeg|https://www.cmedistribution.com.my/wp-content/uploads/2025/11/SM-NOTE-10-LITE-LCD-OLED-FRM-600x600.jpeg|https://www.cmedistribution.com.my/wp-content/uploads/2025/11/SM-NOTE-10-LITE-LCD-OLED-FRM-768x768.jpeg|https://www.cmedistribution.com.my/wp-content/uploads/2025/11/SM-NOTE-10-LITE-LCD-OLED-FRM.jpeg,SKU-163VVO,45
SM S10 Lite SM-G770F LCD OLED Full Set + Frame,282.00,Description Product Specifications and Features: -SM S10 Lite SM-G770F LCD OLED Full Set + Frame -Warranty 1 Month -Self Damage Will Be No Warranty,https://www.cmedistribution.com.my/wp-content/uploads/2025/11/SM-S10-LITE-LCD-OLED-FRM.jpeg,SKU-D82JU8,38
Tecno Spark 8 Ribbon Fingerprint,9.60,Description Product Specifications and Features: -Tecno Spark 8 Ribbon Fingerprint,https://www.cmedistribution.com.my/wp-content/uploads/2025/11/TECNO-SPARK-8-RB-FINGER-100x100.jpeg|https://www.cmedistribution.com.my/wp-content/uploads/2025/11/TECNO-SPARK-8-RB-FINGER-1024x1024.jpeg|https://www.cmedistribution.com.my/wp-content/uploads/2025/11/TECNO-SPARK-8-RB-FINGER-150x150.jpeg|https://www.cmedistribution.com.my/wp-content/uploads/2025/11/TECNO-SPARK-8-RB-FINGER-300x300.jpeg|https://www.cmedistribution.com.my/wp-content/uploads/2025/11/TECNO-SPARK-8-RB-FINGER-350x350.jpeg|https://www.cmedistribution.com.my/wp-content/uploads/2025/11/TECNO-SPARK-8-RB-FINGER-600x600.jpeg|https://www.cmedistribution.com.my/wp-content/uploads/2025/11/TECNO-SPARK-8-RB-FINGER-768x768.jpeg|https://www.cmedistribution.com.my/wp-content/uploads/2025/11/TECNO-SPARK-8-RB-FINGER.jpeg,SKU-3BVWXB,34
ZTE Nubia Neo 3-5G LCD ORI Full Set,90.00,Description Product Specifications and Features: -ZTE Nubia Neo 3-5G LCD ORI Full Set -Warranty 1 Month -Self Damage Will Be No Warranty,https://www.cmedistribution.com.my/wp-content/uploads/2025/11/ZTE-NUBIA-NEO-3-LCD-ORI-FS-100x100.jpeg|https://www.cmedistribution.com.my/wp-content/uploads/2025/11/ZTE-NUBIA-NEO-3-LCD-ORI-FS-1024x1024.jpeg|https://www.cmedistribution.com.my/wp-content/uploads/2025/11/ZTE-NUBIA-NEO-3-LCD-ORI-FS-150x150.jpeg|https://www.cmedistribution.com.my/wp-content/uploads/2025/11/ZTE-NUBIA-NEO-3-LCD-ORI-FS-300x300.jpeg|https://www.cmedistribution.com.my/wp-content/uploads/2025/11/ZTE-NUBIA-NEO-3-LCD-ORI-FS-350x350.jpeg|https://www.cmedistribution.com.my/wp-content/uploads/2025/11/ZTE-NUBIA-NEO-3-LCD-ORI-FS-600x600.jpeg|https://www.cmedistribution.com.my/wp-content/uploads/2025/11/ZTE-NUBIA-NEO-3-LCD-ORI-FS-768x768.jpeg|https://www.cmedistribution.com.my/wp-content/uploads/2025/11/ZTE-NUBIA-NEO-3-LCD-ORI-FS.jpeg,SKU-RI60DZ,72
Honor 400 Lite (AA) Charging Board + Sim Holder,24.00,Description Product Specifications and Features: -Honor 400 Lite (AA) Charging Board + Sim Holder -(WCRY400Q-5G CT2510P1),https://www.cmedistribution.com.my/wp-content/uploads/2025/11/HONOR-400-LITE-ORI-CC-BOARD.jpeg,SKU-WRJLYU,87
Honor X9B-5G On Off + Volume Button,3.60,Description Product Specifications and Features: -Honor X9B-5G On Off + Volume Button,https://www.cmedistribution.com.my/wp-content/uploads/2025/11/HONOR-X9B-OF-BUT.jpeg,SKU-48VHDG,25
Infinix Note 40 Pro-5G On Off + Volume Button,3.60,Description Product Specifications and Features: -Infinix Note 40 Pro-5G On Off + Volume Button,https://www.cmedistribution.com.my/wp-content/uploads/2025/11/INF-NOTE-40-PRO-OF-BUT.jpeg,SKU-JAVZ8X,91
Oppo A60-4G LCD Frame,14.40,Description Product Specifications and Features: -Oppo A60-4G LCD Frame -(NO WARRANTY),https://www.cmedistribution.com.my/wp-content/uploads/2025/11/OPPO-A60-4G-LCD-FRAME.jpeg,SKU-JIP9CX,6
Phone 12/12Pro LCD RJ TFT Incell Full Set (Support Move IC),96.00,Description Product Specifications and Features: -Phone 12/12Pro LCD RJ TFT Incell Full Set (Support Move IC) -Warranty 1 Month -Self Damage Will Be No Warranty,https://www.cmedistribution.com.my/wp-content/uploads/2025/11/IP-12-LCD-RJ-AA-FS.jpeg,SKU-RXW894,64
Phone 15Pro LCD RJ Soft OLED Full Set (Support Move IC),342.00,Description Product Specifications and Features: -Phone 15Pro LCD RJ Soft OLED Full Set (Support Move IC) -Warranty 1 Month -Self Damage Will Be No Warranty,https://www.cmedistribution.com.my/wp-content/uploads/2025/11/IP-15PRO-LCD-RJ-SOFT-OLED-FS.jpeg,SKU-ZAM8GR,3
Phone 16/16Plus Ribbon Sim (1 Sim),14.40,Description Product Specifications and Features: -Phone 16/16Plus Ribbon Sim (1 Sim),https://www.cmedistribution.com.my/wp-content/uploads/2025/11/IP-16-RB-1SIM.jpeg,SKU-4BQ0A7,39
Phone 16/16Plus Ribbon Sim (2 Sim),18.00,Description Product Specifications and Features: -Phone 16/16Plus Ribbon Sim (2 Sim),https://www.cmedistribution.com.my/wp-content/uploads/2025/11/IP-16-RB-2SIM.jpeg,SKU-3E1707,16
Phone 16Pro/16ProMax Sim Holder (1 Sim),9.60,Description Product Specifications and Features: -Phone 16Pro/16ProMax Sim Holder (1 Sim),https://www.cmedistribution.com.my/wp-content/uploads/2025/11/IP-16PRO-SIM-HOLDER-1SIM.jpeg,SKU-L76XNK,72
Phone 16Pro/16ProMax Sim Holder (2 Sim),12.00,Description Product Specifications and Features: -Phone 16Pro/16ProMax Sim Holder (2 Sim),https://www.cmedistribution.com.my/wp-content/uploads/2025/11/IP-16PRO-SIM-HOLDER-2SIM.jpeg,SKU-6JRWSH,56
Phone 16Pro LCD RJ Soft OLED Full Set (Support Move IC),420.00,Description Product Specifications and Features: -Phone 16Pro LCD RJ Soft OLED Full Set (Support Move IC) -Warranty 1 Month -Self Damage Will Be No Warranty,https://www.cmedistribution.com.my/wp-content/uploads/2025/11/IP-16PRO-LCD-RJ-SOFT-OLED-FS.jpeg,SKU-54NHOQ,91
"PXD Pro 12.9 (6TH,2022) A2764,A2437,A2766,A2436 WiFi Antenna",19.20,"Description Product Specifications and Features: -PXD Pro 12.9 (6TH,2022) A2764,A2437,A2766,A2436 WiFi Antenna -(821-04141-02052)",https://www.cmedistribution.com.my/wp-content/uploads/2025/11/IPAD-PRO-12.9-2022-WIFI-ANT.jpeg,SKU-WHHXW8,58
Realme Gt 7-5G/Realme Neo 7 Se-5G/Realme NEo 7 Turbo-5G LCD ORI Full Set,276.00,Description Product Specifications and Features: -Realme Gt 7-5G/Realme Neo 7 Se-5G/Realme NEo 7 Turbo-5G LCD ORI Full Set -Warranty 1 Month -Self Damage Will Be No Warranty,https://www.cmedistribution.com.my/wp-content/uploads/2025/11/REALME-GT-7-5G-LCD-ORI-FS-100x100.jpeg|https://www.cmedistribution.com.my/wp-content/uploads/2025/11/REALME-GT-7-5G-LCD-ORI-FS-1024x1024.jpeg|https://www.cmedistribution.com.my/wp-content/uploads/2025/11/REALME-GT-7-5G-LCD-ORI-FS-150x150.jpeg|https://www.cmedistribution.com.my/wp-content/uploads/2025/11/REALME-GT-7-5G-LCD-ORI-FS-300x300.jpeg|https://www.cmedistribution.com.my/wp-content/uploads/2025/11/REALME-GT-7-5G-LCD-ORI-FS-350x350.jpeg|https://www.cmedistribution.com.my/wp-content/uploads/2025/11/REALME-GT-7-5G-LCD-ORI-FS-600x600.jpeg|https://www.cmedistribution.com.my/wp-content/uploads/2025/11/REALME-GT-7-5G-LCD-ORI-FS-768x768.jpeg|https://www.cmedistribution.com.my/wp-content/uploads/2025/11/REALME-GT-7-5G-LCD-ORI-FS.jpeg,SKU-UGS1XL,3
Redmi K Pad LCD ORI Full Set,234.00,Description Product Specifications and Features: -Redmi K Pad LCD ORI Full Set -Warranty 1 Month -Self Damage Will Be No Warranty,https://www.cmedistribution.com.my/wp-content/uploads/2025/11/REDMI-K-PAD-LCD-ORI-100x100.jpg|https://www.cmedistribution.com.my/wp-content/uploads/2025/11/REDMI-K-PAD-LCD-ORI-150x150.jpg|https://www.cmedistribution.com.my/wp-content/uploads/2025/11/REDMI-K-PAD-LCD-ORI-300x300.jpg|https://www.cmedistribution.com.my/wp-content/uploads/2025/11/REDMI-K-PAD-LCD-ORI-350x350.jpg|https://www.cmedistribution.com.my/wp-content/uploads/2025/11/REDMI-K-PAD-LCD-ORI-600x600.jpg|https://www.cmedistribution.com.my/wp-content/uploads/2025/11/REDMI-K-PAD-LCD-ORI.jpg,SKU-U6WL0K,90
SM A17-4G SM-A175 LCD ORI Full Set + Frame,312.00,Description Product Specifications and Features: -SM A17-4G SM-A175 LCD ORI Full Set + Frame -Warranty 1 Month -Self Damage Will Be No Warranty,https://www.cmedistribution.com.my/wp-content/uploads/2025/11/SM-A17-4G-LCD-ORI-FS-FRM.jpeg,SKU-RK0A9Y,32
SM A17-4G SM-A175 LCD ORI Full Set Without Frame,294.00,Description Product Specifications and Features: -SM A17-4G SM-A175 LCD ORI Full Set Without Frame -Warranty 1 Month -Self Damage Will Be No Warranty,https://www.cmedistribution.com.my/wp-content/uploads/2025/11/SM-A17-4G-LCD-ORI-FS-NO-FRM.jpeg,SKU-OJ4DJQ,25
SM S25 FE Camera Lens (1SET 3PCS),3.60,Description Product Specifications and Features: -SM S25 FE Camera Lens (1SET 3PCS),https://www.cmedistribution.com.my/wp-content/uploads/2025/11/SM-S25-FE-CAM-LENS.jpeg,SKU-TCANV5,72
Vivo iQOO Neo 7-5G/Neo 7 Se-5G/Neo 7 Racing-5G/iQOO 9T-5G/iQOO 10-5G LCD ORI Full Set,264.00,Description Product Specifications and Features: -Vivo iQOO Neo 7-5G/Neo 7 Se-5G/Neo 7 Racing-5G/iQOO 9T-5G/iQOO 10-5G LCD ORI Full Set -Warranty 1 Month -Self Damage Will Be No Warranty,https://www.cmedistribution.com.my/wp-content/uploads/2025/11/IQOO-NEO-7-LCD-ORI-FS.jpeg,SKU-KVBTH3,74
,,,,SKU-CXGRFV,44
,,,,SKU-TKVYH0,85
